radeg,raerr("),decdeg,decerr("),Johnson_V (V),Verr,Vnobs,Johnson_B (B),Berr,Bnobs,Sloan_u (SU),SUerr,SUnobs,Sloan_g (SG),SGerr,SGnobs,Sloan_r (SR),SRerr,SRnobs,Sloan_i (SI),SIerr,SInobs,Sloan_z (SZ),SZerr,SZnobs,PanSTARRS_Y (Y),Yerr,Ynobs
172.008137,0.684,9.330636,0.347,17.597,0.275,1,17.978,0.204,1,NA,NA,0,17.922,0.134,2,17.706,0.465,2,NA,NA,0,NA,NA,0,NA,NA,0
172.017055,0.633,9.3523,0.572,NA,NA,0,NA,NA,0,NA,NA,0,18.401,0.073,2,17.235,0.181,2,16.565,0.332,1,NA,NA,0,NA,NA,0
172.01895,0.238,9.453958,0.438,15.188,0.055,4,15.459,0.068,4,NA,NA,0,15.259,0.02,4,15.212,0.075,4,15.277,0.148,4,NA,NA,0,NA,NA,0
172.025959,0.417,9.423894,0.464,17.184,0.152,1,18.213,0.237,1,NA,NA,0,18.021,0.118,3,16.715,0.076,3,16.029,0.442,2,NA,NA,0,NA,NA,0
172.030583,0.359,9.414469,0.493,16.396,0.033,4,17.202,0.079,4,NA,NA,0,16.753,0.047,4,16.228,0.055,4,15.986,0.154,4,NA,NA,0,NA,NA,0
172.035948,0.552,9.535955,0.486,NA,NA,0,NA,NA,0,NA,NA,0,17.82,0.038,4,16.948,0.118,4,16.45,0.318,1,NA,NA,0,NA,NA,0
172.040767,0.476,9.376307,0.335,NA,NA,0,NA,NA,0,NA,NA,0,18.265,0.076,3,16.901,0.057,3,16.06,0.126,3,NA,NA,0,NA,NA,0
172.044695,0.163,9.327729,0.221,15.182,0.028,4,16.232,0.086,4,NA,NA,0,15.632,0.024,4,14.862,0.053,4,14.584,0.06,4,NA,NA,0,NA,NA,0
172.046181,0.567,9.289089,0.278,16.611,0.07,3,17.677,0.098,3,NA,NA,0,17.225,0.074,4,16.296,0.069,4,15.789,0.149,4,NA,NA,0,NA,NA,0
172.047779,0.462,9.548687,0.432,15.424,0.053,4,16.071,0.029,4,NA,NA,0,15.714,0.037,4,15.18,0.051,4,15.08,0.093,4,NA,NA,0,NA,NA,0
172.049445,0.517,9.222039,0.349,16.462,0.04,4,17.136,0.069,4,NA,NA,0,16.707,0.046,4,16.324,0.079,4,16.098,0.206,4,NA,NA,0,NA,NA,0
172.050112,1.043,9.45023,0.855,17.077,0.053,3,17.993,0.3,3,NA,NA,0,17.707,0.064,4,16.508,0.097,4,16.014,0.047,3,NA,NA,0,NA,NA,0
172.050953,0.306,9.532069,0.316,14.188,0.032,4,14.75,0.089,4,NA,NA,0,14.415,0.026,4,14.057,0.035,4,13.936,0.085,4,NA,NA,0,NA,NA,0
172.056626,0.47,9.553111,0.471,16.887,0.117,1,17.953,0.186,1,NA,NA,0,17.493,0.084,4,16.214,0.129,4,15.471,0.159,4,NA,NA,0,NA,NA,0
172.061726,0.429,9.147257,0.685,14.883,0.058,4,15.842,0.074,4,NA,NA,0,15.336,0.038,4,14.517,0.05,4,14.161,0.043,4,NA,NA,0,NA,NA,0
172.065264,0.163,9.598548,0.245,11.393,0.03,4,12.224,0.082,4,NA,NA,0,11.736,0.042,4,11.151,0.032,4,10.937,0.053,4,10.942,0.026,3,NA,NA,0
172.067148,0.542,9.293168,0.302,16.406,0.065,4,17.324,0.131,4,NA,NA,0,16.81,0.046,4,16.003,0.068,4,15.775,0.175,4,NA,NA,0,NA,NA,0
172.067433,0.341,9.254689,0.333,15.893,0.053,1,16.881,0.075,1,NA,NA,0,NA,NA,0,NA,NA,0,NA,NA,0,NA,NA,0,NA,NA,0
172.06805,0.411,9.395694,0.554,17.31,0.215,1,17.974,0.203,1,NA,NA,0,18.05,0.115,3,16.933,0.143,3,16.295,0.255,2,NA,NA,0,NA,NA,0
172.068054,0.115,9.160364,0.116,10.461,0.022,5,11.163,0.074,4,NA,NA,0,10.751,0.041,5,10.302,0.027,3,10.155,0.05,5,10.228,0.012,1,NA,NA,0
172.069349,0.142,9.214367,0.138,11.103,0.014,4,11.682,0.071,4,NA,NA,0,11.331,0.032,4,10.979,0.035,5,10.886,0.041,5,10.985,0.021,1,NA,NA,0
172.069364,0.448,9.595629,0.372,13.321,0.024,4,14.288,0.09,4,NA,NA,0,13.752,0.061,4,13.016,0.033,4,12.71,0.037,4,12.554,0.018,3,NA,NA,0
172.071349,0.443,9.573151,0.628,17.497,0.194,1,17.995,0.208,1,NA,NA,0,17.904,0.094,4,16.851,0.056,4,16.119,0.087,3,NA,NA,0,NA,NA,0
172.076101,0.24,9.478384,0.291,15.046,0.037,5,15.822,0.063,5,NA,NA,0,15.381,0.031,5,14.829,0.043,5,14.652,0.062,4,NA,NA,0,NA,NA,0
172.076516,0.214,9.146615,0.278,14.067,0.009,4,14.952,0.086,4,NA,NA,0,14.447,0.024,4,13.807,0.036,4,13.6,0.034,4,13.781,0.224,1,NA,NA,0
172.082531,0.611,9.487954,0.477,16.659,0.116,4,17.224,0.028,4,NA,NA,0,16.923,0.052,4,16.511,0.087,4,16.329,0.049,4,NA,NA,0,NA,NA,0
172.083387,0.394,9.171276,0.552,NA,NA,0,NA,NA,0,NA,NA,0,18.289,0.171,3,17.065,0.056,3,15.588,0.089,3,NA,NA,0,NA,NA,0
172.087421,0.42,9.226173,0.388,16.896,0.164,4,17.689,0.092,4,NA,NA,0,17.172,0.08,4,16.655,0.172,4,16.335,0.231,3,NA,NA,0,NA,NA,0
172.089846,0.731,9.397989,0.592,NA,NA,0,NA,NA,0,NA,NA,0,17.646,0.164,4,16.942,0.05,4,NA,NA,0,NA,NA,0,NA,NA,0
172.09173,0.39,9.343445,0.3,16.375,0.118,3,17.786,0.14,3,NA,NA,0,17.09,0.087,4,15.905,0.02,4,15.301,0.102,4,NA,NA,0,NA,NA,0
172.099338,0.195,9.498546,0.838,NA,NA,0,NA,NA,0,NA,NA,0,18.321,0.114,2,17.653,0.302,2,NA,NA,0,NA,NA,0,NA,NA,0
172.099725,1.085,9.407594,0.437,14.11,0.035,4,15.136,0.049,4,NA,NA,0,14.575,0.036,4,13.718,0.025,4,13.258,0.025,3,12.985,0.127,1,NA,NA,0
172.110873,0.368,9.498083,0.342,16.206,0.096,4,16.888,0.128,4,NA,NA,0,16.444,0.029,4,15.968,0.078,4,15.69,0.181,4,NA,NA,0,NA,NA,0
172.117441,0.434,9.242163,0.36,NA,NA,0,NA,NA,0,NA,NA,0,17.716,0.138,3,17.322,0.143,3,NA,NA,0,NA,NA,0,NA,NA,0
172.124634,0.696,9.200681,0.469,17.341,0.007,2,18.054,0.12,2,NA,NA,0,17.801,0.089,4,17.091,0.076,4,16.469,0.234,1,NA,NA,0,NA,NA,0
172.124678,0.197,9.207863,0.292,NA,NA,0,NA,NA,0,NA,NA,0,18.381,0.176,1,17.077,0.152,1,15.835,0.141,1,NA,NA,0,NA,NA,0
172.129631,0.348,9.104329,0.863,16.057,0.014,2,17,0.126,2,NA,NA,0,16.559,0.094,3,15.649,0.052,3,15.178,0.109,2,NA,NA,0,NA,NA,0
172.131927,0.247,9.125373,0.285,13.887,0.018,4,14.521,0.076,4,NA,NA,0,14.147,0.028,4,13.722,0.036,4,13.583,0.028,4,14.107,0.277,1,NA,NA,0
172.13328,0.157,9.18487,0.278,14.993,0.043,4,16.493,0.101,4,NA,NA,0,15.733,0.03,4,14.371,0.046,4,13.525,0.036,4,13.244,0.162,1,NA,NA,0
172.134988,0.493,9.652726,0.294,17.156,0.121,2,17.936,0.122,2,NA,NA,0,18.002,0.203,5,16.77,0.158,5,16.327,0.176,3,NA,NA,0,NA,NA,0
172.135251,0.233,9.425691,0.245,13.277,0.017,4,13.865,0.086,4,NA,NA,0,13.504,0.036,4,13.134,0.028,4,13.019,0.051,4,13.129,0.133,2,NA,NA,0
172.135536,0.305,9.365849,0.39,16.354,0.062,4,16.927,0.068,4,NA,NA,0,16.598,0.075,4,16.168,0.059,4,15.999,0.17,4,NA,NA,0,NA,NA,0
172.136795,0.811,9.477941,0.325,NA,NA,0,NA,NA,0,NA,NA,0,18.153,0.15,1,17.166,0.227,1,NA,NA,0,NA,NA,0,NA,NA,0
172.139222,0.201,9.680375,0.152,NA,NA,0,NA,NA,0,NA,NA,0,18.318,0.183,1,17.166,0.148,1,NA,NA,0,NA,NA,0,NA,NA,0
172.154429,0.178,9.134579,0.201,15.663,0.081,4,16.286,0.027,4,NA,NA,0,15.864,0.019,4,15.459,0.039,4,15.314,0.038,4,NA,NA,0,NA,NA,0
172.154643,0.493,9.59938,0.636,16.735,0.054,3,18.032,0.098,3,NA,NA,0,17.323,0.135,4,16.358,0.112,4,16.005,0.098,4,NA,NA,0,NA,NA,0
172.155935,0.34,9.620398,0.323,15.869,0.014,4,16.541,0.091,4,NA,NA,0,16.145,0.054,5,15.664,0.098,5,15.559,0.111,5,NA,NA,0,NA,NA,0
172.160652,0.143,9.506746,0.162,11.654,0.019,4,12.147,0.075,4,NA,NA,0,11.83,0.036,4,11.541,0.042,4,11.456,0.042,4,11.582,0.017,2,NA,NA,0
172.163326,0.365,9.383989,0.324,15.954,0.019,4,16.42,0.015,4,NA,NA,0,16.171,0.035,4,15.803,0.116,4,15.697,0.089,4,NA,NA,0,NA,NA,0
172.165126,0.445,9.01117,0.359,17.015,0.049,3,17.958,0.038,3,NA,NA,0,17.468,0.07,4,16.513,0.115,4,16.209,0.116,4,NA,NA,0,NA,NA,0
172.16546,0.565,9.172095,0.522,NA,NA,0,NA,NA,0,NA,NA,0,18.144,0.041,3,16.774,0.073,3,16.168,0.138,3,NA,NA,0,NA,NA,0
172.165608,0.423,9.545063,0.494,NA,NA,0,NA,NA,0,NA,NA,0,18.158,0.102,3,16.805,0.079,3,16.227,0.003,2,NA,NA,0,NA,NA,0
172.166107,0.455,9.098765,0.52,15.403,0.019,4,16.142,0.042,4,NA,NA,0,15.757,0.042,4,15.103,0.044,4,14.761,0.07,4,NA,NA,0,NA,NA,0
172.170187,0.528,9.627722,0.437,NA,NA,0,NA,NA,0,NA,NA,0,17.824,0.128,5,17.023,0.262,5,16.337,0.009,2,NA,NA,0,NA,NA,0
172.171557,0.339,9.644515,0.341,16.396,0.083,4,17.693,0.13,4,NA,NA,0,16.982,0.08,5,15.788,0.04,5,15.201,0.036,5,NA,NA,0,NA,NA,0
172.171878,0.199,9.063675,0.356,14.969,0.012,4,15.771,0.11,4,NA,NA,0,15.299,0.037,4,14.834,0.043,4,14.641,0.074,4,NA,NA,0,NA,NA,0
172.17189,0.421,9.509031,0.591,17.181,0.034,3,17.754,0.131,3,NA,NA,0,17.445,0.042,4,16.952,0.159,4,16.278,0.206,1,NA,NA,0,NA,NA,0
172.172304,0.357,9.300377,0.367,15.083,0.039,4,15.751,0.113,4,NA,NA,0,15.333,0.018,4,14.888,0.043,4,14.709,0.077,4,NA,NA,0,NA,NA,0
172.173248,0.496,9.353168,0.481,16.758,0.09,3,17.618,0.157,3,NA,NA,0,17.218,0.063,4,16.516,0.091,4,16.114,0.16,4,NA,NA,0,NA,NA,0
172.174035,0.359,9.10848,0.203,16.105,0.029,4,16.751,0.097,4,NA,NA,0,16.39,0.008,4,15.885,0.081,4,15.832,0.199,4,NA,NA,0,NA,NA,0
172.177616,0.483,9.630373,0.547,16.972,0.062,4,17.787,0.25,4,NA,NA,0,17.437,0.12,6,16.609,0.129,6,16.175,0.191,6,NA,NA,0,NA,NA,0
172.178633,0.204,9.269748,0.179,14.33,0.009,4,15.059,0.052,4,NA,NA,0,14.636,0.028,4,14.151,0.045,4,14.015,0.037,4,NA,NA,0,NA,NA,0
172.178936,0.253,9.403023,0.38,14.258,0.017,4,15.166,0.068,4,NA,NA,0,14.661,0.028,4,13.95,0.029,4,13.661,0.067,4,13.539,0.136,2,NA,NA,0
172.179332,0.491,8.992473,0.34,16.818,0.069,3,17.434,0.067,3,NA,NA,0,17.228,0.11,4,16.622,0.079,4,16.446,0.301,3,NA,NA,0,NA,NA,0
172.180436,0.295,9.251308,0.3,16.058,0.035,4,17.126,0.104,4,NA,NA,0,16.617,0.044,4,15.574,0.08,4,15.086,0.085,4,NA,NA,0,NA,NA,0
172.180557,0.16,9.154918,0.125,14.879,0.037,4,15.557,0.078,4,NA,NA,0,15.137,0.012,4,14.697,0.042,4,14.561,0.046,4,NA,NA,0,NA,NA,0
172.181391,0.161,9.030037,0.227,13.822,0.023,4,14.467,0.066,4,NA,NA,0,14.08,0.019,4,13.666,0.038,4,13.504,0.062,4,13.712,0.189,1,NA,NA,0
172.187984,0.648,9.166922,0.348,NA,NA,0,NA,NA,0,NA,NA,0,17.898,0.06,3,17.135,0.143,3,16.493,0.254,2,NA,NA,0,NA,NA,0
172.193055,0.431,9.219678,0.177,NA,NA,0,NA,NA,0,NA,NA,0,18.059,0.134,1,18.137,0.376,1,16.931,0.353,1,NA,NA,0,NA,NA,0
172.196606,0.593,9.379061,0.326,16.898,0.073,3,17.914,0.165,3,NA,NA,0,17.378,0.041,4,16.67,0.138,4,16.173,0.128,4,NA,NA,0,NA,NA,0
172.198791,0.171,8.985244,0.146,13.789,0.023,4,14.859,0.06,4,NA,NA,0,14.285,0.031,4,13.43,0.029,4,13.112,0.036,4,13.096,0.115,1,NA,NA,0
172.199753,0.156,9.555091,0.16,12.296,0.021,4,12.847,0.075,4,NA,NA,0,12.502,0.036,4,12.159,0.045,4,12.054,0.052,4,12.101,0.101,3,NA,NA,0
172.201217,0.367,9.177559,0.314,16.778,0.148,4,17.222,0.092,4,NA,NA,0,16.856,0.049,4,16.477,0.151,4,16.474,0.124,2,NA,NA,0,NA,NA,0
172.202005,0.424,9.708535,0.329,14.761,0.06,5,15.42,0.099,5,NA,NA,0,15.029,0.043,5,14.564,0.05,5,14.389,0.055,5,NA,NA,0,NA,NA,0
172.206355,0.114,9.087971,0.164,13.132,0.019,4,14.153,0.082,4,NA,NA,0,13.592,0.03,4,12.808,0.042,4,12.531,0.054,4,12.692,0.079,1,NA,NA,0
172.208616,0.287,9.073666,0.161,15.706,0.055,4,16.556,0.12,4,NA,NA,0,16.083,0.032,4,15.513,0.041,4,15.329,0.069,4,NA,NA,0,NA,NA,0
172.209539,0.624,9.509888,0.488,16.999,0.072,3,17.507,0.089,3,NA,NA,0,17.424,0.155,4,16.867,0.092,4,16.281,0.186,1,NA,NA,0,NA,NA,0
172.209643,0.331,9.645795,0.318,14.52,0.055,5,15.044,0.103,5,NA,NA,0,14.742,0.038,5,14.384,0.054,5,14.286,0.055,5,NA,NA,0,NA,NA,0
172.210043,0.76,9.613336,0.581,17.143,0.062,3,17.759,0.179,3,NA,NA,0,17.642,0.141,4,17.106,0.102,4,16.668,0.343,1,NA,NA,0,NA,NA,0
172.211293,0.536,9.450812,0.5,16.572,0.152,4,17.407,0.085,4,NA,NA,0,16.95,0.096,4,16.24,0.131,4,15.987,0.11,4,NA,NA,0,NA,NA,0
172.218418,0.092,9.052324,0.091,12.021,0.022,4,12.6,0.068,4,NA,NA,0,12.247,0.025,4,11.9,0.037,4,11.791,0.032,4,11.886,0.039,1,NA,NA,0
172.220038,0.307,9.66931,0.444,17.155,0.031,2,17.819,0.079,2,NA,NA,0,17.702,0.068,4,17.159,0.162,4,NA,NA,0,NA,NA,0,NA,NA,0
172.223606,0.69,9.118294,0.367,NA,NA,0,NA,NA,0,NA,NA,0,17.845,0.041,3,17.09,0.173,3,16.417,0.028,2,NA,NA,0,NA,NA,0
172.224973,0.241,9.095305,0.189,15.638,0.048,4,16.341,0.065,4,NA,NA,0,15.929,0.054,4,15.42,0.091,4,15.22,0.074,4,NA,NA,0,NA,NA,0
172.225326,0.539,9.267026,0.392,NA,NA,0,NA,NA,0,NA,NA,0,17.946,0.088,3,17.036,0.195,3,NA,NA,0,NA,NA,0,NA,NA,0
172.226128,0.196,9.502353,0.172,15.201,0.04,4,15.786,0.059,4,NA,NA,0,15.45,0.036,4,15.059,0.042,4,14.842,0.071,4,NA,NA,0,NA,NA,0
172.229067,0.556,9.667918,0.381,17.11,0.051,4,17.659,0.265,4,NA,NA,0,17.492,0.175,5,16.981,0.121,5,16.599,0.21,2,NA,NA,0,NA,NA,0
172.231099,0.288,9.169245,0.414,15.954,0.076,4,16.67,0.074,4,NA,NA,0,16.211,0.028,4,15.73,0.029,4,15.434,0.049,4,NA,NA,0,NA,NA,0
172.232205,0.385,9.481861,0.24,16.127,0.04,4,16.693,0.167,4,NA,NA,0,16.297,0.061,4,16.015,0.065,4,15.918,0.156,4,NA,NA,0,NA,NA,0
172.232529,0.34,9.736594,0.361,15.113,0.053,5,16.6,0.129,5,NA,NA,0,15.869,0.026,5,14.516,0.024,5,13.778,0.031,5,13.554,0.198,1,NA,NA,0
172.234067,0.305,9.134761,0.3,15.9,0.06,4,16.575,0.082,4,NA,NA,0,16.178,0.014,4,15.751,0.045,4,15.504,0.026,4,NA,NA,0,NA,NA,0
172.239626,0.17,9.09034,0.569,NA,NA,0,NA,NA,0,NA,NA,0,18.018,0.148,1,17.185,0.176,1,NA,NA,0,NA,NA,0,NA,NA,0
172.241127,0.29,9.243385,0.369,16.328,0.068,4,16.982,0.075,4,NA,NA,0,16.619,0.033,4,16.083,0.069,4,16.021,0.101,4,NA,NA,0,NA,NA,0
172.243171,0.734,9.155709,0.282,NA,NA,0,NA,NA,0,NA,NA,0,18.143,0.061,2,17.546,0.131,2,NA,NA,0,NA,NA,0,NA,NA,0
172.243827,0.272,9.00309,0.217,13.296,0.022,4,14.386,0.068,4,NA,NA,0,13.818,0.029,4,12.893,0.033,4,12.535,0.044,4,12.498,0.069,1,NA,NA,0
172.246332,1.12,9.253972,0.44,17.135,0.147,1,18.189,0.233,1,NA,NA,0,17.684,0.125,4,16.799,0.134,4,16.233,0.191,1,NA,NA,0,NA,NA,0
172.249011,0.604,9.115299,0.402,16.729,0.026,2,17.86,0.045,2,NA,NA,0,17.31,0.166,4,16.072,0.073,4,15.608,0.033,4,NA,NA,0,NA,NA,0
172.249171,0.257,9.095149,0.368,15.735,0.04,4,16.525,0.098,4,NA,NA,0,16.045,0.016,4,15.579,0.076,4,15.41,0.126,4,NA,NA,0,NA,NA,0
172.250173,0.438,9.042244,0.269,16.044,0.069,4,17.462,0.157,4,NA,NA,0,16.771,0.122,4,15.508,0.046,4,15.041,0.026,4,NA,NA,0,NA,NA,0
172.252137,0.788,9.089563,0.737,16.642,0.129,4,17.147,0.044,4,NA,NA,0,16.83,0.039,4,16.397,0.087,4,16.015,0.122,2,NA,NA,0,NA,NA,0
172.252762,0.268,9.01463,0.278,15.692,0.069,4,16.728,0.033,4,NA,NA,0,16.16,0.024,4,15.243,0.058,4,14.87,0.034,4,NA,NA,0,NA,NA,0
172.253429,0.684,8.931978,0.605,17.287,0.107,3,17.792,0.129,3,NA,NA,0,17.542,0.142,4,17.169,0.134,4,16.67,0.25,1,NA,NA,0,NA,NA,0
172.254121,0.119,9.193309,0.086,12.89,0.018,4,13.604,0.074,4,NA,NA,0,13.174,0.024,4,12.702,0.041,4,12.563,0.06,4,12.5,0.074,1,NA,NA,0
172.256408,0.619,9.43031,0.538,17.51,0.205,3,18.013,0.243,3,NA,NA,0,17.743,0.021,3,17.223,0.121,3,NA,NA,0,NA,NA,0,NA,NA,0
172.259642,0.246,9.183992,0.259,15.932,0.026,4,16.71,0.096,4,NA,NA,0,16.262,0.04,4,15.746,0.064,4,15.589,0.128,4,NA,NA,0,NA,NA,0
172.259928,0.121,9.518003,0.113,10.334,0.031,6,10.972,0.088,4,NA,NA,0,10.64,0.043,5,10.183,0.009,4,10.074,0.034,3,10.019,0.029,2,NA,NA,0
172.260373,0.666,9.208739,0.382,17.073,0.006,2,17.869,0.095,2,NA,NA,0,17.389,0.058,4,16.744,0.101,4,15.983,0.152,1,NA,NA,0,NA,NA,0
172.264431,0.477,9.65346,0.425,14.566,0.054,5,15.265,0.092,5,NA,NA,0,14.843,0.045,5,14.376,0.05,5,14.239,0.028,5,NA,NA,0,NA,NA,0
172.26589,0.375,9.112211,0.378,14.481,0.038,4,15.371,0.063,4,NA,NA,0,14.901,0.04,4,14.053,0.07,4,13.666,0.068,4,13.793,0.214,1,NA,NA,0
172.265934,0.826,9.205681,0.544,17.526,0.117,2,18.014,0.134,2,NA,NA,0,17.96,0.095,3,17.433,0.062,3,NA,NA,0,NA,NA,0,NA,NA,0
172.265962,0.116,9.329249,0.109,13.043,0.019,4,13.789,0.076,4,NA,NA,0,13.367,0.026,4,12.842,0.047,4,12.653,0.044,4,12.765,0.094,1,NA,NA,0
172.268326,0.173,9.350165,0.206,15.547,0.024,4,16.399,0.082,4,NA,NA,0,15.938,0.023,4,15.32,0.041,4,15.134,0.036,4,NA,NA,0,NA,NA,0
172.268494,0.474,9.432572,0.341,16.851,0.112,1,17.984,0.183,1,NA,NA,0,17.611,0.118,4,16.292,0.102,4,15.212,0.181,4,NA,NA,0,NA,NA,0
172.268565,0.729,9.775193,0.408,17.316,0.051,2,17.91,0.163,2,NA,NA,0,17.628,0.111,2,17.379,0.221,2,NA,NA,0,NA,NA,0,NA,NA,0
172.269735,0.206,9.769646,0.131,17.957,0.295,1,18.054,0.213,1,NA,NA,0,NA,NA,0,NA,NA,0,NA,NA,0,NA,NA,0,NA,NA,0
172.271883,0.361,9.427837,0.332,14.587,0.024,4,15.825,0.042,4,NA,NA,0,15.19,0.014,4,14.112,0.03,4,13.723,0.045,4,13.721,0.233,1,NA,NA,0
172.272037,0.183,9.063321,0.275,15.302,0.062,4,15.99,0.037,4,NA,NA,0,15.618,0.034,4,15.121,0.024,4,14.912,0.037,4,NA,NA,0,NA,NA,0
172.272739,0.347,9.39129,0.433,17.587,0.248,1,17.835,0.17,1,NA,NA,0,17.796,0.109,1,17.418,0.218,1,NA,NA,0,NA,NA,0,NA,NA,0
172.272863,0.434,9.655976,0.085,NA,NA,0,NA,NA,0,NA,NA,0,18.681,0.242,1,17.367,0.19,1,NA,NA,0,NA,NA,0,NA,NA,0
172.27432,0.507,9.094265,0.299,16.093,0.072,4,17.648,0.169,4,NA,NA,0,16.916,0.068,4,15.506,0.051,4,14.829,0.058,4,NA,NA,0,NA,NA,0
172.275746,1.012,9.780706,0.446,17.502,0.217,1,17.929,0.248,1,NA,NA,0,17.717,0.126,2,17.431,0.151,2,NA,NA,0,NA,NA,0,NA,NA,0
172.277157,0.395,8.988683,0.448,14.504,0.03,4,15.61,0.056,4,NA,NA,0,15.014,0.031,4,14.1,0.03,4,13.641,0.073,4,13.184,0.126,1,NA,NA,0
172.28304,0.118,9.470142,0.169,11.939,0.057,4,12.683,0.086,4,NA,NA,0,12.279,0.066,4,11.691,0.076,4,11.552,0.083,4,11.626,0.041,2,NA,NA,0
172.284056,0.886,9.715476,0.514,17.511,0.196,1,18.272,0.267,1,NA,NA,0,18.455,0.193,1,17.703,0.243,1,NA,NA,0,NA,NA,0,NA,NA,0
172.285702,0.301,9.733882,0.332,15.719,0.073,5,16.509,0.131,5,NA,NA,0,16.079,0.063,5,15.5,0.067,5,15.247,0.059,5,NA,NA,0,NA,NA,0
172.286012,0.823,9.532763,0.517,17.47,0.085,2,17.7,0.204,2,NA,NA,0,17.493,0.078,4,16.983,0.129,4,15.942,0.158,1,NA,NA,0,NA,NA,0
172.286389,0.696,9.017329,0.318,16.584,0.016,4,17.338,0.127,4,NA,NA,0,16.957,0.037,4,16.471,0.147,4,16.102,0.152,3,NA,NA,0,NA,NA,0
172.288211,0.249,9.337569,0.293,15.545,0.059,4,16.37,0.065,4,NA,NA,0,15.895,0.028,3,15.38,0.058,2,15.203,0.083,3,NA,NA,0,NA,NA,0
172.288511,0.357,9.054269,0.326,16.317,0.067,4,17.413,0.119,4,NA,NA,0,16.932,0.089,4,15.872,0.065,4,15.464,0.172,4,NA,NA,0,NA,NA,0
172.291634,0.696,9.081214,0.397,NA,NA,0,NA,NA,0,NA,NA,0,17.988,0.094,3,17.211,0.175,3,NA,NA,0,NA,NA,0,NA,NA,0
172.293103,0.451,9.362939,0.555,16.915,0.122,4,17.567,0.087,4,NA,NA,0,17.167,0.083,4,16.76,0.066,4,16.51,0.079,2,NA,NA,0,NA,NA,0
172.294803,0.116,9.328061,0.109,10.295,0.014,5,11.59,0.08,4,NA,NA,0,10.889,0.037,5,9.988,0.08,2,9.588,0.008,1,9.4,0.007,1,NA,NA,0
172.296446,0.188,9.399667,0.144,15.415,0.044,4,16.203,0.068,4,NA,NA,0,15.721,0.025,4,15.161,0.048,4,14.961,0.014,4,NA,NA,0,NA,NA,0
172.296788,0.402,9.536432,0.321,14.242,0.036,4,14.704,0.111,4,NA,NA,0,14.404,0.065,4,14.14,0.029,4,14.026,0.021,4,14.071,0.279,1,NA,NA,0
172.301119,0.333,9.113775,0.231,NA,NA,0,NA,NA,0,NA,NA,0,18.307,0.154,3,17.052,0.064,3,16.118,0.166,2,NA,NA,0,NA,NA,0
172.301589,0.262,9.46667,0.249,15.785,0.035,4,16.536,0.073,4,NA,NA,0,16.088,0.046,4,15.53,0.034,4,15.387,0.106,4,NA,NA,0,NA,NA,0
172.305599,0.821,9.075784,0.463,17.042,0.176,3,17.833,0.033,3,NA,NA,0,17.437,0.153,4,16.648,0.071,4,15.975,0.141,1,NA,NA,0,NA,NA,0
172.309817,0.637,9.554488,0.553,17.36,0.182,1,18.166,0.244,1,NA,NA,0,18.005,0.116,4,16.888,0.124,4,16.844,0.335,1,NA,NA,0,NA,NA,0
172.317502,0.829,9.354848,0.385,17.096,0.13,3,17.78,0.026,3,NA,NA,0,17.605,0.101,4,16.949,0.091,4,17.117,0.602,2,NA,NA,0,NA,NA,0
172.320148,0.393,9.635485,0.248,NA,NA,0,NA,NA,0,NA,NA,0,17.98,0.083,2,17.518,0.099,2,NA,NA,0,NA,NA,0,NA,NA,0
172.321389,0.508,9.192586,0.291,16.458,0.063,4,17.067,0.091,4,NA,NA,0,16.716,0.017,4,16.31,0.07,4,16.118,0.067,4,NA,NA,0,NA,NA,0
172.321921,0.123,9.539406,0.197,NA,NA,0,NA,NA,0,NA,NA,0,18.556,0.233,1,17.331,0.187,1,NA,NA,0,NA,NA,0,NA,NA,0
172.323171,0.733,8.915505,0.851,NA,NA,0,NA,NA,0,NA,NA,0,17.717,0.124,4,16.821,0.049,4,16.304,0.155,2,NA,NA,0,NA,NA,0
172.325747,0.351,9.751595,0.248,16.566,0.156,4,17.982,0.146,4,NA,NA,0,17.383,0.061,5,16.087,0.131,5,15.389,0.099,5,NA,NA,0,NA,NA,0
172.329554,0.094,9.072735,0.077,11.136,0.022,4,11.864,0.071,4,NA,NA,0,11.436,0.025,4,10.956,0.031,5,10.801,0.041,5,10.844,0.017,1,NA,NA,0
172.329644,0.625,9.156285,0.341,16.982,0.049,3,17.942,0.151,3,NA,NA,0,17.515,0.03,4,16.592,0.04,4,16.285,0.154,3,NA,NA,0,NA,NA,0
172.330799,0.549,9.141071,0.38,17.446,0.144,3,18.185,0.21,3,NA,NA,0,17.589,0.029,3,17.118,0.082,3,17.014,0.36,1,NA,NA,0,NA,NA,0
172.335129,0.515,9.509975,0.414,17.477,0.207,1,18.505,0.357,1,NA,NA,0,17.952,0.082,3,17.405,0.161,3,NA,NA,0,NA,NA,0,NA,NA,0
172.335386,0.223,9.657895,0.211,15.908,0.056,5,16.814,0.148,5,NA,NA,0,16.36,0.077,5,15.576,0.058,5,15.257,0.104,5,NA,NA,0,NA,NA,0
172.335855,0.438,9.173786,0.415,16.673,0.023,3,18.014,0.088,3,NA,NA,0,17.29,0.041,4,16.099,0.114,4,15.69,0.122,4,NA,NA,0,NA,NA,0
172.340893,0.195,9.309228,0.169,15.597,0.015,4,16.524,0.038,4,NA,NA,0,16.051,0.029,4,15.202,0.036,4,14.887,0.039,4,NA,NA,0,NA,NA,0
172.342607,0.103,9.284264,0.146,13.049,0.022,4,13.955,0.072,4,NA,NA,0,13.445,0.023,4,12.783,0.035,4,12.521,0.039,4,12.639,0.076,1,NA,NA,0
172.346534,0.297,8.971137,0.173,15.433,0.02,4,16.445,0.075,4,NA,NA,0,15.888,0.012,4,15.142,0.017,4,14.866,0.062,4,NA,NA,0,NA,NA,0
172.347752,0.395,9.473456,0.405,15.135,0.036,5,16.038,0.081,5,NA,NA,0,15.525,0.034,5,14.82,0.07,5,14.586,0.076,5,NA,NA,0,NA,NA,0
172.348581,0.224,9.140328,0.233,14.811,0.018,4,15.516,0.094,4,NA,NA,0,15.077,0.028,4,14.645,0.035,4,14.498,0.054,4,NA,NA,0,NA,NA,0
172.351776,0.722,9.583466,0.494,17.889,0.298,1,18.734,0.423,1,NA,NA,0,18.101,0.089,3,17.264,0.085,3,NA,NA,0,NA,NA,0,NA,NA,0
172.353907,0.599,9.096022,0.468,16.93,0.105,3,17.569,0.033,3,NA,NA,0,17.263,0.047,4,16.717,0.103,4,16.373,0.18,3,NA,NA,0,NA,NA,0
172.353939,0.136,9.04454,0.091,10.942,0.014,5,11.754,0.068,4,NA,NA,0,11.292,0.027,4,10.724,0.041,5,10.534,0.042,5,10.511,0.014,1,NA,NA,0
172.357686,0.195,9.382266,0.145,14.273,0.028,4,15.465,0.058,4,NA,NA,0,14.848,0.03,4,13.804,0.041,4,13.43,0.049,4,13.445,0.177,1,NA,NA,0
172.359941,0.285,9.11492,0.155,13.945,0.02,4,14.605,0.067,4,NA,NA,0,14.219,0.023,4,13.784,0.029,4,13.651,0.038,4,13.405,0.153,1,NA,NA,0
172.360348,0.5,9.051361,0.444,15.964,0.016,4,17.351,0.084,4,NA,NA,0,16.631,0.044,2,15.363,0.039,2,14.581,0.046,2,NA,NA,0,NA,NA,0
172.362579,0.185,9.099669,0.304,13.665,0.019,4,14.373,0.059,4,NA,NA,0,13.955,0.022,4,13.49,0.036,4,13.33,0.044,4,13.361,0.144,1,NA,NA,0
172.364001,0.432,9.518294,0.556,NA,NA,0,NA,NA,0,NA,NA,0,18.351,0.028,3,17.039,0.226,3,16.426,0.284,2,NA,NA,0,NA,NA,0
172.365105,0.713,9.264628,0.521,16.718,0.098,3,17.696,0.066,3,NA,NA,0,17.243,0.089,4,16.743,0.088,4,16.429,0.063,3,NA,NA,0,NA,NA,0
172.365651,0.113,8.936915,0.119,10.586,0.014,5,11.688,0.071,4,NA,NA,0,11.077,0.032,4,10.271,0.026,5,9.907,0.009,1,9.758,0.008,1,NA,NA,0
172.366358,0.202,9.744318,0.169,12.885,0.045,5,13.315,0.094,5,NA,NA,0,13.056,0.051,5,12.796,0.057,5,12.73,0.039,5,12.844,0.11,3,NA,NA,0
172.366834,0.323,9.477339,0.303,NA,NA,0,NA,NA,0,NA,NA,0,18.29,0.069,2,17.44,0.089,2,NA,NA,0,NA,NA,0,NA,NA,0
172.367589,0.488,9.335097,0.327,16.34,0.049,4,17.083,0.079,4,NA,NA,0,16.712,0.029,4,16.185,0.09,4,15.681,0.089,4,NA,NA,0,NA,NA,0
172.367748,0.229,9.826873,0.145,15.597,0.045,5,16.595,0.103,5,NA,NA,0,16.074,0.107,5,15.239,0.014,5,14.956,0.078,5,NA,NA,0,NA,NA,0
172.369027,0.168,9.240306,0.509,NA,NA,0,NA,NA,0,NA,NA,0,18.194,0.167,1,17.044,0.152,1,16.396,0.215,1,NA,NA,0,NA,NA,0
172.371275,0.341,9.787673,0.326,NA,NA,0,NA,NA,0,NA,NA,0,18.689,0.078,2,17.315,0.067,2,16.379,0.223,1,NA,NA,0,NA,NA,0
172.371417,0.175,9.325538,0.12,15.274,0.03,4,15.872,0.095,4,NA,NA,0,15.497,0.01,4,15.105,0.01,4,14.946,0.081,4,NA,NA,0,NA,NA,0
172.37422,0.809,9.027712,0.506,NA,NA,0,NA,NA,0,NA,NA,0,18.145,0.161,4,17.042,0.108,4,15.835,0.096,4,NA,NA,0,NA,NA,0
172.37465,0.514,9.175774,0.43,NA,NA,0,NA,NA,0,NA,NA,0,18.109,0.145,3,16.748,0.046,3,15.873,0.132,3,NA,NA,0,NA,NA,0
172.374808,0.137,9.354064,0.092,12.406,0.018,4,13.07,0.068,4,NA,NA,0,12.671,0.03,4,12.219,0.034,4,12.085,0.049,4,12.021,0.048,1,NA,NA,0
172.37616,0.69,9.214598,0.462,NA,NA,0,NA,NA,0,NA,NA,0,18.035,0.113,3,16.953,0.03,3,16.279,0.015,2,NA,NA,0,NA,NA,0
172.377483,0.183,9.386696,0.383,15.649,0.019,4,16.951,0.03,4,NA,NA,0,16.273,0.05,4,15.096,0.034,4,14.601,0.063,4,NA,NA,0,NA,NA,0
172.378662,0.54,9.530159,0.219,16.684,0.084,3,17.637,0.041,3,NA,NA,0,17.127,0.068,4,16.572,0.063,4,16.274,0.156,4,NA,NA,0,NA,NA,0
172.382187,0.259,9.686236,0.397,15.504,0.029,5,17.199,0.179,5,NA,NA,0,16.243,0.022,5,14.889,0.047,5,13.336,0.042,5,NA,NA,0,NA,NA,0
172.382381,0.049,9.159347,0.344,16.617,0.095,1,17.447,0.137,1,NA,NA,0,NA,NA,0,NA,NA,0,NA,NA,0,NA,NA,0,NA,NA,0
172.382408,0.392,9.244475,0.316,16.337,0.064,4,17.049,0.058,4,NA,NA,0,16.588,0.042,4,16.143,0.033,4,16.036,0.141,4,NA,NA,0,NA,NA,0
172.385694,0.627,9.760892,0.4,NA,NA,0,NA,NA,0,NA,NA,0,18.328,0.192,3,16.979,0.109,3,15.947,0.214,3,NA,NA,0,NA,NA,0
172.387366,0.56,9.360049,0.298,NA,NA,0,NA,NA,0,NA,NA,0,18.149,0.036,3,16.709,0.06,3,15.668,0.094,3,NA,NA,0,NA,NA,0
172.387466,0.9,8.908408,0.824,NA,NA,0,NA,NA,0,NA,NA,0,17.693,0.163,4,16.613,0.068,4,15.974,0.054,4,NA,NA,0,NA,NA,0
172.388569,0.219,9.80667,0.249,14.467,0.027,5,15.342,0.109,5,NA,NA,0,14.851,0.053,5,14.202,0.04,5,14.013,0.041,5,NA,NA,0,NA,NA,0
172.389665,0.273,9.447677,0.367,15.205,0.023,4,16.004,0.067,4,NA,NA,0,15.542,0.029,4,14.99,0.034,4,14.777,0.069,4,NA,NA,0,NA,NA,0
172.390084,0.418,9.016247,0.67,16.383,0.008,2,17.403,0.058,2,NA,NA,0,16.974,0.021,4,16.054,0.019,4,15.511,0.016,4,NA,NA,0,NA,NA,0
172.390677,0.505,9.143254,0.296,NA,NA,0,NA,NA,0,NA,NA,0,17.88,0.116,3,16.765,0.053,3,16.226,0.126,2,NA,NA,0,NA,NA,0
172.395233,0.419,9.13191,0.519,16.788,0.141,2,17.962,0.127,2,NA,NA,0,17.504,0.049,4,16.182,0.109,4,15.493,0.129,4,NA,NA,0,NA,NA,0
172.395629,0.748,9.23269,0.654,17.173,0.149,1,18.319,0.271,1,NA,NA,0,17.882,0.158,4,16.906,0.062,4,16.195,0.18,1,NA,NA,0,NA,NA,0
172.395661,0.324,9.037859,0.455,NA,NA,0,NA,NA,0,NA,NA,0,18.222,0.181,1,17.497,0.219,1,NA,NA,0,NA,NA,0,NA,NA,0
172.397587,0.325,9.819431,0.332,16.286,0.076,5,17.505,0.146,5,NA,NA,0,16.982,0.094,5,15.803,0.035,5,15.363,0.038,5,NA,NA,0,NA,NA,0
172.39984,0.275,9.369306,0.306,15.141,0.02,4,15.73,0.076,4,NA,NA,0,15.37,0.036,4,15.017,0.039,4,14.914,0.025,4,NA,NA,0,NA,NA,0
172.400788,0.502,8.879184,0.732,NA,NA,0,NA,NA,0,NA,NA,0,17.643,0.125,4,16.946,0.202,4,16.197,0.168,1,NA,NA,0,NA,NA,0
172.401387,0.708,9.521551,0.696,17.061,0.11,3,18.016,0.34,3,NA,NA,0,17.436,0.092,4,16.927,0.074,4,16.62,0.196,2,NA,NA,0,NA,NA,0
172.40391,0.626,9.787571,0.413,17.696,0.03,2,18.194,0.017,2,NA,NA,0,17.867,0.197,4,17.573,0.226,4,NA,NA,0,NA,NA,0,NA,NA,0
172.406143,0.569,9.340571,0.361,16.812,0.153,3,17.487,0.21,3,NA,NA,0,17.182,0.078,4,16.483,0.064,4,16.304,0.197,3,NA,NA,0,NA,NA,0
172.410257,0.196,9.244475,0.161,15.302,0.051,4,16.146,0.087,4,NA,NA,0,15.646,0.026,4,15.131,0.033,4,14.928,0.048,4,NA,NA,0,NA,NA,0
172.410643,0.418,9.355484,0.366,NA,NA,0,NA,NA,0,NA,NA,0,18.172,0.153,1,17.625,0.25,1,NA,NA,0,NA,NA,0,NA,NA,0
172.417814,0.052,9.787542,0.09,NA,NA,0,NA,NA,0,NA,NA,0,18.513,0.207,1,17.429,0.194,1,NA,NA,0,NA,NA,0,NA,NA,0
172.420943,0.408,9.00643,0.4,NA,NA,0,NA,NA,0,NA,NA,0,18.232,0.147,4,17.265,0.125,4,16.465,0.227,1,NA,NA,0,NA,NA,0
172.421348,0.436,9.146485,0.17,NA,NA,0,NA,NA,0,NA,NA,0,18.134,0.149,3,16.876,0.128,3,15.551,0.089,3,NA,NA,0,NA,NA,0
172.421816,0.209,9.071728,0.164,15.743,0.048,4,17.086,0.143,4,NA,NA,0,16.427,0.038,4,15.259,0.041,4,14.73,0.078,4,NA,NA,0,NA,NA,0
172.422506,0.241,9.840158,0.329,14.71,0.044,5,15.513,0.114,5,NA,NA,0,15.053,0.04,5,14.489,0.062,5,14.313,0.052,5,NA,NA,0,NA,NA,0
172.423236,0.089,9.444916,0.101,11.513,0.018,4,12.518,0.075,4,NA,NA,0,11.964,0.032,4,11.199,0.049,4,10.94,0.052,4,10.958,0.013,2,NA,NA,0
172.428281,0.139,9.598251,0.381,NA,NA,0,NA,NA,0,NA,NA,0,18.41,0.198,1,17.347,0.184,1,NA,NA,0,NA,NA,0,NA,NA,0
172.431351,0.495,9.095739,0.432,16.474,0.05,4,17.237,0.067,4,NA,NA,0,16.781,0.063,4,16.318,0.103,4,16.083,0.075,4,NA,NA,0,NA,NA,0
172.431982,0.746,9.205692,0.517,16.452,0.072,4,17.337,0.033,4,NA,NA,0,16.9,0.071,4,16.105,0.078,4,15.722,0.17,4,NA,NA,0,NA,NA,0
172.434551,0.46,9.013903,0.613,16.582,0.04,3,17.444,0.081,3,NA,NA,0,16.986,0.039,4,16.243,0.097,4,15.735,0.107,4,NA,NA,0,NA,NA,0
172.435459,0.182,9.846071,0.251,17.904,0.289,1,18.146,0.236,1,NA,NA,0,NA,NA,0,NA,NA,0,NA,NA,0,NA,NA,0,NA,NA,0
172.436741,0.325,9.389351,0.373,16.345,0.108,4,17.041,0.053,4,NA,NA,0,16.622,0.068,4,16.082,0.072,4,15.959,0.194,4,NA,NA,0,NA,NA,0
172.43899,0.458,8.934436,0.618,16.015,0.05,4,17.422,0.026,4,NA,NA,0,16.803,0.031,4,15.537,0.056,4,14.937,0.05,4,NA,NA,0,NA,NA,0
172.440329,0.234,9.755666,0.229,13.036,0.04,5,13.931,0.117,5,NA,NA,0,13.431,0.045,5,12.75,0.046,5,12.515,0.043,5,12.473,0.049,3,NA,NA,0
172.440867,0.486,9.688898,0.748,17.2,0.153,1,18.43,0.306,1,NA,NA,0,18.014,0.058,4,16.956,0.166,4,16.376,0.152,3,NA,NA,0,NA,NA,0
172.441167,0.111,9.434852,0.109,12.054,0.027,4,12.671,0.081,4,NA,NA,0,12.308,0.031,4,11.896,0.038,4,11.77,0.04,4,11.858,0.036,2,NA,NA,0
172.442203,0.697,9.094355,0.446,17.269,0.143,3,17.872,0.014,3,NA,NA,0,17.697,0.106,4,17.288,0.119,4,NA,NA,0,NA,NA,0,NA,NA,0
172.442441,0.088,9.829423,0.087,11.218,0.036,5,11.931,0.104,5,NA,NA,0,11.525,0.037,5,11.018,0.04,5,10.865,0.031,8,10.848,0.019,3,NA,NA,0
172.444379,0.293,9.813611,0.152,15.163,0.06,5,15.739,0.072,5,NA,NA,0,15.374,0.05,5,15.006,0.032,5,14.936,0.065,5,NA,NA,0,NA,NA,0
172.445583,0.583,9.233172,0.265,16.321,0.075,4,17.44,0.245,4,NA,NA,0,16.775,0.05,4,15.892,0.106,4,15.448,0.102,4,NA,NA,0,NA,NA,0
172.446185,0.288,9.513351,0.26,15.781,0.046,4,16.625,0.132,4,NA,NA,0,16.162,0.04,4,15.636,0.027,4,15.436,0.09,4,NA,NA,0,NA,NA,0
172.448649,0.239,9.364887,0.149,15.577,0.036,4,16.578,0.036,4,NA,NA,0,16.055,0.025,4,15.179,0.036,4,14.898,0.081,4,NA,NA,0,NA,NA,0
172.452566,0.562,9.492355,0.358,16.918,0.052,3,17.466,0.108,3,NA,NA,0,17.101,0.048,4,16.695,0.081,4,16.364,0.249,3,NA,NA,0,NA,NA,0
172.452816,0.251,9.436159,0.209,13.513,0.012,4,14.521,0.061,4,NA,NA,0,13.98,0.029,4,13.184,0.042,4,12.921,0.049,4,12.931,0.039,2,NA,NA,0
172.453343,0.281,9.819026,0.331,16.706,0.078,5,17.392,0.181,5,NA,NA,0,17.03,0.048,5,16.711,0.037,5,16.563,0.127,2,NA,NA,0,NA,NA,0
172.460879,0.336,9.391828,0.271,14.54,0.011,4,15.538,0.08,4,NA,NA,0,15.011,0.034,4,14.239,0.032,4,13.935,0.041,4,NA,NA,0,NA,NA,0
172.462834,0.323,9.442297,0.35,15.802,0.041,3,17.156,0.037,3,NA,NA,0,16.569,0.048,4,15.169,0.069,4,14.318,0.049,4,NA,NA,0,NA,NA,0
172.463179,0.936,9.801214,0.496,NA,NA,0,NA,NA,0,NA,NA,0,18.033,0.135,5,17.079,0.131,5,16.118,0.204,1,NA,NA,0,NA,NA,0
172.464671,0.494,9.85183,0.142,NA,NA,0,NA,NA,0,NA,NA,0,18.071,0.141,1,17.658,0.229,1,NA,NA,0,NA,NA,0,NA,NA,0
172.465008,0.129,9.156702,0.389,NA,NA,0,NA,NA,0,NA,NA,0,17.806,0.125,1,17.111,0.155,1,NA,NA,0,NA,NA,0,NA,NA,0
172.465754,0.203,9.47697,0.194,13.319,0.022,5,14.198,0.081,5,NA,NA,0,13.708,0.024,5,13.066,0.04,5,12.848,0.041,5,12.905,0.096,2,NA,NA,0
172.466479,0.551,9.604007,0.529,NA,NA,0,NA,NA,0,NA,NA,0,18.398,0.105,2,17.096,0.041,2,16.005,0.164,1,NA,NA,0,NA,NA,0
172.4668,0.384,9.032109,0.31,16.562,0.051,2,18.114,0.273,2,NA,NA,0,17.422,0.037,4,16.034,0.048,4,14.71,0.064,4,NA,NA,0,NA,NA,0
172.466865,0.126,9.535511,0.181,12.508,0.02,4,13.141,0.082,4,NA,NA,0,12.745,0.046,4,12.331,0.038,4,12.199,0.047,4,12.233,0.006,2,NA,NA,0
172.467079,0.209,9.068751,0.559,NA,NA,0,NA,NA,0,NA,NA,0,18.221,0.074,2,17.404,0.214,2,NA,NA,0,NA,NA,0,NA,NA,0
172.474404,0.458,9.742614,0.576,NA,NA,0,NA,NA,0,NA,NA,0,18.282,0.197,2,16.819,0.24,2,16.95,0.392,1,NA,NA,0,NA,NA,0
172.4799,0.124,9.374437,0.098,10.505,0.014,5,11.955,0.077,4,NA,NA,0,11.184,0.029,4,10.075,0.031,3,9.589,0.008,1,9.301,0.007,1,NA,NA,0
172.480966,0.538,9.576075,0.6,NA,NA,0,NA,NA,0,NA,NA,0,17.938,0.158,4,16.548,0.1,4,15.918,0.081,4,NA,NA,0,NA,NA,0
172.48225,0.217,9.323536,0.219,14.439,0.013,4,15.84,0.058,4,NA,NA,0,15.136,0.041,4,13.869,0.034,4,13.347,0.034,4,13.333,0.151,1,NA,NA,0
172.483343,0.419,9.055236,0.289,16.573,0.016,3,17.591,0.073,3,NA,NA,0,17.162,0.047,4,16.072,0.091,4,15.665,0.119,4,NA,NA,0,NA,NA,0
172.484241,0.171,8.987426,0.172,12.935,0.014,4,13.743,0.069,4,NA,NA,0,13.283,0.022,4,12.724,0.027,4,12.552,0.042,4,12.503,0.063,1,NA,NA,0
172.484438,0.61,9.031579,0.419,17.027,0.145,3,17.903,0.028,3,NA,NA,0,17.548,0.064,4,16.968,0.109,4,NA,NA,0,NA,NA,0,NA,NA,0
172.485687,0.15,9.014918,0.733,NA,NA,0,NA,NA,0,NA,NA,0,18.272,0.158,1,16.891,0.122,1,16.221,0.184,1,NA,NA,0,NA,NA,0
172.486249,0.466,9.778023,0.301,16.697,0.173,5,17.235,0.073,5,NA,NA,0,16.843,0.04,5,16.505,0.125,5,16.287,0.305,4,NA,NA,0,NA,NA,0
172.487018,0.647,8.936129,0.346,16.954,0.12,3,17.766,0.05,3,NA,NA,0,17.458,0.079,4,16.861,0.062,4,16.549,0.222,1,NA,NA,0,NA,NA,0
172.488976,0.123,9.446664,0.139,10.897,0.043,6,11.559,0.076,4,NA,NA,0,11.157,0.035,4,10.686,0.055,6,10.528,0.071,6,10.568,0.05,2,NA,NA,0
172.489653,0.41,8.87029,0.336,15.734,0.05,4,16.834,0.128,4,NA,NA,0,16.144,0.13,8,15.321,0.11,8,15.134,0.064,4,NA,NA,0,NA,NA,0
172.495806,0.562,9.136614,0.365,16.894,0.038,3,17.687,0.063,3,NA,NA,0,17.247,0.118,4,16.761,0.1,4,16.27,0.108,3,NA,NA,0,NA,NA,0
172.496181,0.439,9.56233,0.28,17.14,0.151,1,18.362,0.296,1,NA,NA,0,18.101,0.218,3,16.737,0.155,3,15.908,0.26,3,NA,NA,0,NA,NA,0
172.496474,0.373,9.716931,0.075,NA,NA,0,NA,NA,0,NA,NA,0,18.76,0.338,1,17.384,0.241,1,NA,NA,0,NA,NA,0,NA,NA,0
172.498223,0.117,9.776078,0.124,12.013,0.044,5,12.656,0.107,5,NA,NA,0,12.283,0.046,5,11.843,0.043,5,11.727,0.025,5,11.768,0.065,3,NA,NA,0
172.49836,0.42,9.108435,0.318,16.636,0.083,3,17.537,0.124,3,NA,NA,0,17.199,0.027,4,16.374,0.075,4,15.888,0.285,4,NA,NA,0,NA,NA,0
172.499426,0.491,9.575647,0.226,NA,NA,0,NA,NA,0,NA,NA,0,18.277,0.142,2,17.019,0.114,2,16.174,0.192,2,NA,NA,0,NA,NA,0
172.500557,0.498,9.19135,0.307,16.573,0.064,3,17.651,0.149,3,NA,NA,0,17.106,0.071,4,16.291,0.064,4,16.088,0.112,4,NA,NA,0,NA,NA,0
172.501002,0.119,9.677009,0.135,12.453,0.037,5,13.271,0.104,5,NA,NA,0,12.828,0.041,5,12.206,0.055,5,11.98,0.037,5,11.884,0.04,3,NA,NA,0
172.501466,0.325,9.55307,0.362,16.473,0.077,4,17.128,0.145,4,NA,NA,0,16.731,0.025,4,16.345,0.048,4,16.028,0.09,2,NA,NA,0,NA,NA,0
172.501534,0.268,9.018754,0.199,15.567,0.028,4,16.398,0.085,4,NA,NA,0,15.944,0.019,4,15.364,0.051,4,15.119,0.048,4,NA,NA,0,NA,NA,0
172.506063,0.386,9.663153,0.476,18.17,0.378,1,18.343,0.303,1,NA,NA,0,18.058,0.147,1,17.77,0.288,1,NA,NA,0,NA,NA,0,NA,NA,0
172.506842,0.121,9.748556,0.106,11.233,0.03,5,12.43,0.099,5,NA,NA,0,11.784,0.044,5,10.886,0.049,8,10.531,0.049,8,10.376,0.04,3,NA,NA,0
172.507167,0.473,9.565433,0.352,17.294,0.022,2,18.045,0.21,2,NA,NA,0,17.737,0.091,3,17.086,0.208,3,NA,NA,0,NA,NA,0,NA,NA,0
172.509948,0.768,9.621181,0.261,NA,NA,0,NA,NA,0,NA,NA,0,18.068,0.138,1,17.298,0.17,1,NA,NA,0,NA,NA,0,NA,NA,0
172.510517,0.125,9.372985,0.087,NA,NA,0,NA,NA,0,NA,NA,0,18.282,0.167,1,17.52,0.221,1,NA,NA,0,NA,NA,0,NA,NA,0
172.510615,0.287,9.817349,0.305,14.407,0.035,4,15.225,0.12,4,NA,NA,0,14.76,0.055,4,14.172,0.048,4,14.005,0.031,4,13.732,0.22,1,NA,NA,0
172.51142,0.536,9.404223,0.432,17.137,0.022,2,17.754,0.141,2,NA,NA,0,17.388,0.092,4,16.99,0.141,4,16.28,0.012,2,NA,NA,0,NA,NA,0
172.512158,0.133,9.784651,0.114,11.048,0.038,5,11.711,0.106,5,NA,NA,0,11.333,0.043,5,10.891,0.051,8,10.741,0.051,8,10.71,0.007,3,NA,NA,0
172.512747,0.257,8.965545,0.248,14.461,0.024,4,15.267,0.076,4,NA,NA,0,14.785,0.025,4,14.242,0.03,4,14.027,0.047,4,NA,NA,0,NA,NA,0
172.513673,0.442,8.999314,0.325,16.667,0.033,3,17.543,0.117,3,NA,NA,0,17.125,0.023,4,16.303,0.021,4,16.016,0.089,4,NA,NA,0,NA,NA,0
172.519023,0.202,8.955212,0.334,NA,NA,0,NA,NA,0,NA,NA,0,18.183,0.112,2,17.164,0.052,2,16.597,0.133,2,NA,NA,0,NA,NA,0
172.521641,0.415,9.628867,0.345,16.669,0.068,4,17.769,0.244,4,NA,NA,0,17.335,0.048,6,16.099,0.074,6,15.48,0.112,6,NA,NA,0,NA,NA,0
172.522546,0.512,9.104411,0.375,16.514,0.107,3,17.626,0.1,3,NA,NA,0,17.144,0.053,4,16.059,0.075,4,15.745,0.065,4,NA,NA,0,NA,NA,0
172.522679,0.483,9.693364,0.385,17.427,0.182,1,18.493,0.315,1,NA,NA,0,18.1,0.337,5,16.647,0.117,5,15.729,0.139,5,NA,NA,0,NA,NA,0
172.525398,0.076,8.994115,0.096,NA,NA,0,NA,NA,0,NA,NA,0,18.75,0.237,1,17.596,0.223,1,NA,NA,0,NA,NA,0,NA,NA,0
172.527077,0.454,9.595394,0.251,16.413,0.104,3,17.48,0.17,3,NA,NA,0,16.96,0.057,4,15.727,0.079,4,15.147,0.127,4,NA,NA,0,NA,NA,0
172.529063,0.162,9.72025,0.172,12.446,0.044,5,13.011,0.11,5,NA,NA,0,12.68,0.054,5,12.301,0.052,5,12.205,0.037,5,12.284,0.045,3,NA,NA,0
172.529366,0.157,9.760369,0.158,15.446,0.05,5,16.22,0.081,5,NA,NA,0,15.782,0.062,5,15.185,0.033,5,14.956,0.045,5,NA,NA,0,NA,NA,0
172.53078,0.469,9.332491,0.28,17.045,0.144,3,17.537,0.117,3,NA,NA,0,17.317,0.147,4,16.673,0.129,4,16.185,0.195,3,NA,NA,0,NA,NA,0
172.530781,1.161,9.277133,1.035,13.029,0.039,4,14.017,0.016,4,NA,NA,0,13.493,0.019,4,12.662,0.066,4,12.26,0.067,4,12.057,0.051,1,NA,NA,0
172.535727,0.267,9.115833,0.133,12.646,0.013,4,13.635,0.063,4,NA,NA,0,13.093,0.03,4,12.318,0.034,4,12.031,0.031,4,12.067,0.082,2,NA,NA,0
172.535956,0.417,8.955423,0.565,NA,NA,0,NA,NA,0,NA,NA,0,18.133,0.127,3,17.315,0.141,3,NA,NA,0,NA,NA,0,NA,NA,0
172.537702,0.467,9.4216,0.363,13.973,0.027,4,15.025,0.07,4,NA,NA,0,14.436,0.024,4,13.653,0.035,4,13.382,0.043,4,13.147,0.197,3,NA,NA,0
172.541178,0.566,9.796892,0.581,17.18,0.158,1,18.215,0.245,1,NA,NA,0,17.677,0.054,5,17.011,0.102,5,NA,NA,0,NA,NA,0,NA,NA,0
172.545118,0.752,8.919356,0.501,NA,NA,0,NA,NA,0,NA,NA,0,18.33,0.184,1,17.222,0.161,1,NA,NA,0,NA,NA,0,NA,NA,0
172.545566,0.426,9.044385,0.282,16.266,0.117,4,17.693,0.201,4,NA,NA,0,17.033,0.02,4,15.592,0.042,4,14.639,0.058,4,NA,NA,0,NA,NA,0
172.5466,0.316,8.941271,0.557,15.019,0.036,4,16.013,0.059,4,NA,NA,0,15.519,0.044,4,14.625,0.029,4,14.244,0.028,4,NA,NA,0,NA,NA,0
172.550278,0.201,9.500645,0.384,NA,NA,0,NA,NA,0,NA,NA,0,18.476,0.246,1,17.555,0.229,1,NA,NA,0,NA,NA,0,NA,NA,0
172.551141,0.465,9.687505,0.343,16.813,0.16,4,17.312,0.104,4,NA,NA,0,17.025,0.059,5,16.539,0.136,5,16.474,0.2,2,NA,NA,0,NA,NA,0
172.551203,0.543,8.881685,0.423,16.432,0.075,4,17.068,0.074,4,NA,NA,0,16.63,0.019,4,16.162,0.053,4,16.142,0.093,4,NA,NA,0,NA,NA,0
172.552077,0.185,9.538722,0.145,15.041,0.028,4,16.127,0.088,4,NA,NA,0,15.576,0.054,4,14.626,0.032,4,14.286,0.073,4,NA,NA,0,NA,NA,0
172.553682,0.45,9.855603,0.338,15.851,0.07,5,16.897,0.099,5,NA,NA,0,16.346,0.072,5,15.508,0.058,5,15.22,0.128,5,NA,NA,0,NA,NA,0
172.555666,0.44,9.434786,0.4,16.535,0.044,4,17.416,0.103,4,NA,NA,0,16.936,0.053,4,16.235,0.069,4,15.948,0.189,4,NA,NA,0,NA,NA,0
172.555863,0.466,8.927728,0.382,17.49,0.044,2,17.933,0.008,2,NA,NA,0,17.578,0.041,4,17.285,0.08,4,NA,NA,0,NA,NA,0,NA,NA,0
172.556081,1.044,9.463671,0.465,NA,NA,0,NA,NA,0,NA,NA,0,17.994,0.103,3,16.915,0.138,3,16.238,0.215,1,NA,NA,0,NA,NA,0
172.559228,0.415,9.369673,0.086,NA,NA,0,NA,NA,0,NA,NA,0,18.589,0.216,1,17.089,0.14,1,NA,NA,0,NA,NA,0,NA,NA,0
172.559837,0.47,9.175824,0.494,16.586,0.071,4,17.483,0.122,4,NA,NA,0,16.951,0.047,4,16.294,0.024,4,16.132,0.139,4,NA,NA,0,NA,NA,0
172.560397,0.683,9.137258,1.069,15.917,0.013,3,17.204,0.038,3,NA,NA,0,16.603,0.051,4,15.36,0.064,4,14.843,0.101,4,NA,NA,0,NA,NA,0
172.564208,0.485,9.629073,0.325,14.307,0.045,6,15.394,0.085,6,NA,NA,0,14.847,0.036,6,13.906,0.046,6,13.599,0.032,6,13.624,0.213,3,NA,NA,0
172.565747,0.476,9.351154,0.18,NA,NA,0,NA,NA,0,NA,NA,0,18.627,0.174,2,17.302,0.16,2,16.487,0.247,1,NA,NA,0,NA,NA,0
172.565856,0.242,9.044271,0.122,15.754,0.033,4,16.326,0.085,4,NA,NA,0,16.027,0.021,4,15.539,0.03,4,15.415,0.08,4,NA,NA,0,NA,NA,0
172.567041,0.634,9.381922,0.49,17.572,0.105,3,18.094,0.129,3,NA,NA,0,17.548,0.004,3,17.131,0.132,3,NA,NA,0,NA,NA,0,NA,NA,0
172.570663,0.27,9.437698,0.234,16.305,0.09,4,17.04,0.103,4,NA,NA,0,16.754,0.044,4,16.075,0.06,4,15.752,0.194,4,NA,NA,0,NA,NA,0
172.572195,0.542,9.660644,0.379,14.429,0.052,5,15.216,0.092,5,NA,NA,0,14.8,0.062,5,14.171,0.056,5,13.998,0.051,5,13.651,0.129,3,NA,NA,0
172.572386,0.252,9.609337,0.281,13.092,0.025,4,13.596,0.081,4,NA,NA,0,13.29,0.039,4,12.972,0.043,4,12.884,0.058,4,13.003,0.123,3,NA,NA,0
172.57259,0.251,9.537979,0.27,16.266,0.04,3,17.498,0.028,3,NA,NA,0,17.042,0.093,4,15.621,0.014,4,14.925,0.064,4,NA,NA,0,NA,NA,0
172.574253,0.15,8.924446,0.14,NA,NA,0,NA,NA,0,NA,NA,0,18.472,0.179,1,17.509,0.195,1,NA,NA,0,NA,NA,0,NA,NA,0
172.575238,0.367,9.722338,0.101,15.577,0.041,1,16.265,0.056,1,NA,NA,0,NA,NA,0,NA,NA,0,NA,NA,0,NA,NA,0,NA,NA,0
172.575451,0.282,9.051247,0.203,15.935,0.061,4,16.618,0.07,4,NA,NA,0,16.229,0.025,4,15.789,0.039,4,15.615,0.078,4,NA,NA,0,NA,NA,0
172.577877,0.217,9.300432,0.174,15.508,0.026,4,16.18,0.089,4,NA,NA,0,15.778,0.03,4,15.309,0.056,4,15.15,0.051,4,NA,NA,0,NA,NA,0
172.577935,0.499,9.532731,0.143,NA,NA,0,NA,NA,0,NA,NA,0,18.874,0.338,1,17.514,0.219,1,NA,NA,0,NA,NA,0,NA,NA,0
172.57972,0.328,9.070187,1.062,15.694,0.037,4,16.719,0.158,4,NA,NA,0,16.181,0.071,4,15.372,0.074,4,15.129,0.067,2,NA,NA,0,NA,NA,0
172.580781,0.6,9.465209,0.312,16.931,0.135,3,17.655,0.18,3,NA,NA,0,17.325,0.065,4,16.723,0.08,4,16.156,0.061,2,NA,NA,0,NA,NA,0
172.580836,0.587,9.777457,0.614,17.171,0.136,3,17.986,0.094,3,NA,NA,0,17.629,0.128,4,17.154,0.17,4,NA,NA,0,NA,NA,0,NA,NA,0
172.584119,0.504,9.433638,0.463,NA,NA,0,NA,NA,0,NA,NA,0,18.265,0.133,3,17.163,0.225,3,16.237,0.105,3,NA,NA,0,NA,NA,0
172.58466,0.735,9.124305,0.498,NA,NA,0,10.085,0.001,1,NA,NA,0,10.04,0.001,1,NA,NA,0,NA,NA,0,NA,NA,0,NA,NA,0
172.585702,0.346,9.567398,0.356,14.159,0.027,4,14.951,0.079,4,NA,NA,0,14.505,0.034,4,13.956,0.05,4,13.777,0.052,4,13.889,0.25,1,NA,NA,0
172.585839,0.457,9.258882,0.545,NA,NA,0,NA,NA,0,NA,NA,0,17.677,0.103,4,16.588,0.102,4,16.268,0.105,4,NA,NA,0,NA,NA,0
172.588112,0.745,9.027887,0.688,NA,NA,0,NA,NA,0,NA,NA,0,18.243,0.091,2,17.734,0.253,2,NA,NA,0,NA,NA,0,NA,NA,0
172.588121,0.542,9.769346,0.452,NA,NA,0,NA,NA,0,NA,NA,0,17.902,0.179,4,16.521,0.107,4,15.689,0.075,4,NA,NA,0,NA,NA,0
172.588667,0.394,9.407923,0.43,14.122,0.023,4,15.179,0.061,4,NA,NA,0,14.605,0.034,4,13.804,0.031,4,13.472,0.052,4,13.326,0.426,3,NA,NA,0
172.590871,0.283,9.173069,0.341,16.003,0.092,4,17.027,0.075,4,NA,NA,0,16.432,0.031,4,15.68,0.063,4,15.447,0.046,4,NA,NA,0,NA,NA,0
172.594231,0.463,9.772121,0.222,16.338,0.087,5,17.423,0.111,5,NA,NA,0,16.907,0.122,5,15.985,0.075,5,15.534,0.079,5,NA,NA,0,NA,NA,0
172.595344,0.502,8.990966,0.385,NA,NA,0,NA,NA,0,NA,NA,0,18.133,0.165,2,17.335,0.059,2,NA,NA,0,NA,NA,0,NA,NA,0
172.595558,0.456,9.004011,0.091,NA,NA,0,NA,NA,0,NA,NA,0,18.156,0.171,1,17.728,0.251,1,NA,NA,0,NA,NA,0,NA,NA,0
172.597539,0.284,9.270625,0.226,15.726,0.043,4,16.563,0.084,4,NA,NA,0,16.105,0.069,4,15.512,0.07,4,15.225,0.093,4,NA,NA,0,NA,NA,0
172.597948,0.378,9.087549,0.567,17.342,0.209,1,18.012,0.268,1,NA,NA,0,17.527,0.097,3,16.884,0.183,3,17.024,0.394,1,NA,NA,0,NA,NA,0
172.604273,0.515,9.297824,0.427,NA,NA,0,NA,NA,0,NA,NA,0,18.148,0.168,3,16.759,0.062,3,16.001,0.062,3,NA,NA,0,NA,NA,0
172.604547,0.327,9.108685,0.097,8.127,0.002,2,8.606,0.146,2,NA,NA,0,8.604,0.002,1,7.989,0.002,1,7.996,0.003,1,8.064,0.072,2,NA,NA,0
172.605883,0.474,9.842946,0.431,17.171,0.107,3,17.756,0.224,3,NA,NA,0,17.351,0.098,5,16.724,0.037,5,16.278,0.228,5,NA,NA,0,NA,NA,0
172.606674,0.399,9.8313,0.433,17.684,0.045,3,17.955,0.193,4,NA,NA,0,17.734,0.16,4,17.316,0.184,4,NA,NA,0,NA,NA,0,NA,NA,0
172.608705,0.252,9.694164,0.224,15.401,0.076,5,16.002,0.084,5,NA,NA,0,15.635,0.051,5,15.219,0.066,5,15.172,0.077,5,NA,NA,0,NA,NA,0
172.609308,0.401,8.990811,0.436,17.41,0.044,2,18.158,0.1,2,NA,NA,0,17.97,0.105,2,17.675,0.002,2,NA,NA,0,NA,NA,0,NA,NA,0
172.612811,0.404,8.981276,0.184,16.173,0.065,4,16.976,0.098,4,NA,NA,0,16.482,0.023,4,15.95,0.068,4,15.848,0.142,4,NA,NA,0,NA,NA,0
172.615328,0.303,9.563619,0.341,17.015,0.295,2,17.125,0.34,2,NA,NA,0,17.127,0.589,3,17.005,0.376,3,16.884,0.337,1,NA,NA,0,NA,NA,0
172.615591,0.266,9.769202,0.302,NA,NA,0,NA,NA,0,NA,NA,0,18.313,0.021,2,17.521,0.171,2,NA,NA,0,NA,NA,0,NA,NA,0
172.616612,0.422,9.550986,0.331,16.935,0.069,4,17.126,0.058,4,NA,NA,0,17.03,0.112,4,17.169,0.088,4,NA,NA,0,NA,NA,0,NA,NA,0
172.618348,0.669,9.470045,0.44,17.165,0.024,3,17.646,0.116,3,NA,NA,0,17.437,0.065,4,16.832,0.062,4,16.394,0.1,2,NA,NA,0,NA,NA,0
172.618616,0.153,9.759571,0.136,12.755,0.043,5,13.869,0.11,5,NA,NA,0,13.275,0.041,5,12.399,0.038,5,12.076,0.029,5,12.007,0.027,3,NA,NA,0
172.619023,0.283,9.189204,0.373,16.594,0.044,4,17.396,0.149,4,NA,NA,0,17.01,0.029,4,16.336,0.073,4,15.987,0.214,4,NA,NA,0,NA,NA,0
172.620036,0.445,9.136559,0.231,16.263,0.074,4,17.192,0.118,4,NA,NA,0,16.743,0.116,4,16.164,0.072,4,16.075,0.048,4,NA,NA,0,NA,NA,0
172.623621,1.014,9.388168,0.685,16.362,0.041,2,17.269,0.064,2,NA,NA,0,16.83,0.033,2,16.027,0.067,1,15.786,0.063,2,NA,NA,0,NA,NA,0
172.626222,0.358,9.739685,0.386,16.221,0.118,5,17.248,0.052,5,NA,NA,0,16.769,0.031,5,15.804,0.037,5,15.179,0.052,5,NA,NA,0,NA,NA,0
172.628232,0.734,9.535963,0.465,NA,NA,0,NA,NA,0,NA,NA,0,17.985,0.129,2,17.344,0.119,2,NA,NA,0,NA,NA,0,NA,NA,0
172.630575,0.338,9.336859,0.178,10.238,0.022,6,11.274,0.075,4,NA,NA,0,10.708,0.044,5,9.888,0.022,2,9.663,0.023,2,9.626,0.104,2,NA,NA,0
172.631499,0.488,8.900267,0.364,17.21,0.066,3,17.923,0.137,3,NA,NA,0,17.48,0.06,4,16.853,0.107,4,16.374,0.197,1,NA,NA,0,NA,NA,0
172.632344,0.366,9.27515,0.402,14.305,0.009,4,15.051,0.064,4,NA,NA,0,14.631,0.04,4,14.099,0.03,4,13.902,0.049,4,13.837,0.223,1,NA,NA,0
172.636234,0.486,9.403244,0.234,9.272,0.015,2,10.302,0.184,4,NA,NA,0,9.99,0.235,3,8.971,0.029,2,8.735,0.037,2,8.719,0.126,2,NA,NA,0
172.638494,0.215,9.486772,0.257,15.738,0.078,4,17.23,0.217,4,NA,NA,0,16.497,0.025,4,15.101,0.051,4,14.385,0.034,4,NA,NA,0,NA,NA,0
172.643199,0.363,9.272877,0.299,13.369,0.049,4,14.147,0.071,4,NA,NA,0,13.703,0.031,4,13.173,0.056,4,12.963,0.096,4,12.996,0.105,1,NA,NA,0
172.646396,0.478,9.54929,0.247,NA,NA,0,NA,NA,0,NA,NA,0,18.475,0.24,1,17.054,0.151,1,NA,NA,0,NA,NA,0,NA,NA,0
172.647599,0.538,9.01159,0.503,NA,NA,0,NA,NA,0,NA,NA,0,18.233,0.209,3,16.875,0.094,3,16.084,0.166,3,NA,NA,0,NA,NA,0
172.648927,0.383,9.463806,0.269,13.642,0.024,4,14.221,0.077,4,NA,NA,0,13.881,0.035,4,13.489,0.03,4,13.396,0.06,4,13.733,0.181,2,NA,NA,0
172.650847,0.58,9.322624,0.468,17.182,0.155,1,18.261,0.269,1,NA,NA,0,17.721,0.035,3,16.89,0.085,3,16.397,0.103,3,NA,NA,0,NA,NA,0
172.652669,0.346,9.480092,0.3,12.733,0.015,5,13.846,0.065,5,NA,NA,0,13.227,0.037,5,12.373,0.038,5,12.014,0.043,5,11.982,0.161,3,NA,NA,0
172.653786,0.323,9.372295,0.207,12.705,0.015,4,13.41,0.075,4,NA,NA,0,13.008,0.035,4,12.531,0.036,4,12.406,0.055,4,12.634,0.228,2,NA,NA,0
172.654728,0.454,9.077761,0.36,16.954,0.073,4,17.6,0.092,4,NA,NA,0,17.288,0.063,4,16.671,0.073,4,16.205,0.03,2,NA,NA,0,NA,NA,0
172.659085,0.452,8.97101,0.115,NA,NA,0,NA,NA,0,NA,NA,0,18.018,0.155,3,17.548,0.153,3,NA,NA,0,NA,NA,0,NA,NA,0
172.667393,0.621,8.92272,0.355,NA,NA,0,NA,NA,0,NA,NA,0,17.926,0.125,4,16.571,0.109,4,15.947,0.164,4,NA,NA,0,NA,NA,0
172.669108,0.512,9.814615,0.284,16.833,0.088,4,17.733,0.121,4,NA,NA,0,17.462,0.198,5,16.589,0.048,5,16.135,0.154,4,NA,NA,0,NA,NA,0
172.669635,0.596,9.74666,0.392,16.588,0.126,4,17.579,0.053,4,NA,NA,0,17.169,0.118,5,16.386,0.079,5,16.168,0.297,4,NA,NA,0,NA,NA,0
172.674164,0.332,9.637569,0.163,NA,NA,0,NA,NA,0,NA,NA,0,18.482,0.214,1,17.529,0.22,1,NA,NA,0,NA,NA,0,NA,NA,0
172.674686,0.917,9.318191,0.26,17.909,0.318,1,18.064,0.246,1,NA,NA,0,17.955,0.132,4,17.025,0.165,4,16.501,0.164,2,NA,NA,0,NA,NA,0
172.676216,0.495,9.819521,0.383,NA,NA,0,NA,NA,0,NA,NA,0,17.745,0.042,4,16.991,0.059,4,NA,NA,0,NA,NA,0,NA,NA,0
172.677525,0.682,8.903626,0.336,NA,NA,0,NA,NA,0,NA,NA,0,17.883,0.112,4,17.001,0.168,4,NA,NA,0,NA,NA,0,NA,NA,0
172.67968,0.521,9.049174,0.455,17.182,0.051,2,18.252,0.034,2,NA,NA,0,17.983,0.05,3,16.692,0.109,4,16.103,0.047,4,NA,NA,0,NA,NA,0
172.680918,0.238,9.457916,0.205,16.11,0.033,4,17.279,0.113,4,NA,NA,0,16.732,0.046,4,15.701,0.095,4,15.303,0.065,4,NA,NA,0,NA,NA,0
172.681234,0.399,9.393539,0.545,14.024,0.065,4,14.914,0.092,4,NA,NA,0,14.411,0.072,4,13.736,0.07,4,13.489,0.059,4,13.717,0.195,1,NA,NA,0
172.681433,0.506,9.033584,0.699,17.447,0.155,2,18.266,0.277,2,NA,NA,0,18.111,0.118,3,16.802,0.244,3,16.409,0.021,2,NA,NA,0,NA,NA,0
172.690696,0.184,9.180665,0.096,10.456,0.017,6,11.625,0.073,4,NA,NA,0,10.984,0.042,5,10.108,0.05,6,9.759,0.017,2,9.608,0.089,2,NA,NA,0
172.692338,0.286,9.673817,0.182,15.955,0.077,5,16.466,0.185,5,NA,NA,0,16.152,0.04,5,15.833,0.034,5,15.8,0.088,5,NA,NA,0,NA,NA,0
172.693798,0.313,9.723179,0.383,13.988,0.031,5,14.751,0.117,5,NA,NA,0,14.335,0.057,5,13.755,0.05,5,13.586,0.036,5,13.53,0.284,3,NA,NA,0
172.698093,0.555,9.421147,0.361,16.866,0.119,1,18.204,0.236,1,NA,NA,0,17.71,0.041,4,16.209,0.116,4,15.317,0.035,4,NA,NA,0,NA,NA,0
172.700244,0.318,9.39786,0.292,16.411,0.078,3,17.331,0.059,3,NA,NA,0,16.851,0.045,4,16.29,0.033,4,16.097,0.098,4,NA,NA,0,NA,NA,0
172.702895,0.453,9.241594,0.463,17.279,0.164,1,18.294,0.264,1,NA,NA,0,17.88,0.134,3,16.964,0.169,3,16.39,0.045,3,NA,NA,0,NA,NA,0
172.704464,0.706,9.681022,0.331,17.009,0.164,2,18.222,0.048,2,NA,NA,0,17.714,0.129,4,16.489,0.08,4,16.09,0.043,4,NA,NA,0,NA,NA,0
172.710251,0.466,9.757077,0.363,16.396,0.071,5,17.21,0.097,5,NA,NA,0,16.783,0.048,5,16.152,0.109,5,16.005,0.227,5,NA,NA,0,NA,NA,0
172.71028,0.214,9.012664,0.235,14.974,0.026,4,15.676,0.1,4,NA,NA,0,15.275,0.017,4,14.844,0.026,4,14.616,0.06,4,NA,NA,0,NA,NA,0
172.711828,0.153,9.1623,0.151,12.152,0.012,4,12.843,0.068,4,NA,NA,0,12.451,0.035,4,11.967,0.029,4,11.823,0.038,4,11.862,0.115,2,NA,NA,0
172.713028,0.371,9.688062,0.335,14.86,0.047,5,15.602,0.111,5,NA,NA,0,15.191,0.037,5,14.664,0.066,5,14.485,0.088,5,NA,NA,0,NA,NA,0
172.714636,0.405,9.076886,0.517,NA,NA,0,NA,NA,0,NA,NA,0,18.08,0.261,2,17.179,0.141,2,NA,NA,0,NA,NA,0,NA,NA,0
172.717046,0.584,9.791572,0.07,NA,NA,0,NA,NA,0,NA,NA,0,17.916,0.159,1,17.521,0.244,1,NA,NA,0,NA,NA,0,NA,NA,0
172.71765,0.248,9.731566,0.383,13.884,0.045,5,14.809,0.084,5,NA,NA,0,14.33,0.037,5,13.556,0.05,5,13.31,0.04,5,13.348,0.09,3,NA,NA,0
172.718848,0.422,8.92,0.458,14.888,0.049,4,15.578,0.056,4,NA,NA,0,15.168,0.037,4,14.679,0.04,4,14.507,0.05,4,NA,NA,0,NA,NA,0
172.722563,0.21,9.397011,0.316,13.783,0.022,4,14.384,0.064,4,NA,NA,0,14.042,0.04,4,13.635,0.037,4,13.517,0.036,4,13.335,0.149,1,NA,NA,0
172.723619,0.233,9.003267,0.2,16.029,0.068,4,17.01,0.096,4,NA,NA,0,16.52,0.028,4,15.651,0.056,4,15.362,0.055,4,NA,NA,0,NA,NA,0
172.727091,0.057,9.091654,0.359,NA,NA,0,NA,NA,0,NA,NA,0,18.542,0.224,1,17.039,0.146,1,NA,NA,0,NA,NA,0,NA,NA,0
172.7288,0.62,9.077337,0.368,NA,NA,0,NA,NA,0,NA,NA,0,17.655,0.119,4,16.238,0.098,4,15.484,0.02,4,NA,NA,0,NA,NA,0
172.733289,0.407,9.640562,0.341,14.022,0.039,5,14.702,0.115,5,NA,NA,0,14.35,0.035,5,13.852,0.04,5,13.729,0.051,5,13.726,0.231,1,NA,NA,0
172.733444,0.586,9.064133,0.435,16.96,0.03,4,17.328,0.044,4,NA,NA,0,17.158,0.099,4,16.76,0.172,4,16.329,0.087,2,NA,NA,0,NA,NA,0
172.736603,0.273,9.802522,0.424,15.136,0.06,3,16.259,0.085,3,NA,NA,0,15.707,0.033,2,NA,NA,0,14.368,0.035,2,NA,NA,0,NA,NA,0
172.739009,0.712,9.21862,0.096,NA,NA,0,NA,NA,0,NA,NA,0,17.84,0.106,1,17.383,0.187,1,NA,NA,0,NA,NA,0,NA,NA,0
172.740344,0.717,9.692841,0.418,NA,NA,0,NA,NA,0,NA,NA,0,18.125,0.178,4,16.66,0.052,4,16.026,0.2,4,NA,NA,0,NA,NA,0
172.742522,0.246,9.127863,0.189,15.294,0.03,4,16.044,0.096,4,NA,NA,0,15.624,0.055,4,15.074,0.057,4,14.96,0.079,4,NA,NA,0,NA,NA,0
172.745102,0.276,9.380431,0.234,15.509,0.032,4,16.811,0.068,4,NA,NA,0,16.205,0.064,4,15.001,0.063,4,14.528,0.103,4,NA,NA,0,NA,NA,0
172.747417,0.285,9.251909,0.32,13.927,0.026,4,15.184,0.061,4,NA,NA,0,14.555,0.032,4,13.453,0.029,4,12.995,0.036,4,12.889,0.2,2,NA,NA,0
172.752707,0.267,9.619864,0.176,8.018,0.012,3,8.655,0.03,3,NA,NA,0,8.306,0.063,3,7.819,0.029,3,7.745,0.035,3,7.662,0.029,3,NA,NA,0
172.759361,0.165,9.557895,0.12,NA,NA,0,NA,NA,0,NA,NA,0,18.814,0.314,1,NA,NA,0,16.478,0.255,1,NA,NA,0,NA,NA,0
172.759986,0.598,9.065634,0.325,17.001,0.125,1,18.155,0.234,1,NA,NA,0,17.811,0.108,4,16.625,0.074,4,16.086,0.196,4,NA,NA,0,NA,NA,0
172.764093,0.237,9.328077,0.219,15.669,0.044,4,16.62,0.06,4,NA,NA,0,16.097,0.04,4,15.346,0.032,4,15.065,0.056,4,NA,NA,0,NA,NA,0
172.770541,0.372,9.556756,0.296,15.766,0.011,4,17.025,0.099,4,NA,NA,0,16.454,0.066,4,15.186,0.077,4,14.713,0.089,4,NA,NA,0,NA,NA,0
172.771856,0.378,9.338814,0.36,16.921,0.035,3,17.59,0.149,3,NA,NA,0,17.222,0.078,4,16.891,0.172,4,NA,NA,0,NA,NA,0,NA,NA,0
172.775478,0.756,9.472706,0.629,NA,NA,0,NA,NA,0,NA,NA,0,18.361,0.102,2,17.251,0.176,3,16.507,0.077,2,NA,NA,0,NA,NA,0
172.775953,0.227,9.380589,0.187,14.646,0.014,4,15.41,0.069,4,NA,NA,0,14.962,0.025,4,14.446,0.032,4,14.297,0.083,4,NA,NA,0,NA,NA,0
172.776952,0.196,9.255469,0.117,12.41,0.006,4,13.401,0.081,4,NA,NA,0,12.875,0.034,4,12.081,0.037,4,11.821,0.045,4,11.857,0.022,2,NA,NA,0
172.778025,0.702,9.763706,0.343,17.236,0.166,1,17.891,0.191,1,NA,NA,0,18.076,0.146,1,16.886,0.126,1,NA,NA,0,NA,NA,0,NA,NA,0
172.778305,0.569,9.201026,0.823,NA,NA,0,NA,NA,0,NA,NA,0,18.092,0.203,3,16.818,0.224,3,15.785,0.044,3,NA,NA,0,NA,NA,0
172.77946,0.477,9.745706,0.227,NA,NA,0,NA,NA,0,NA,NA,0,18.306,0.255,1,16.896,0.154,1,16.233,0.229,1,NA,NA,0,NA,NA,0
172.784202,0.493,9.58665,0.311,16.242,0.031,4,16.969,0.109,4,NA,NA,0,16.56,0.069,4,16.144,0.079,4,15.871,0.027,4,NA,NA,0,NA,NA,0
172.78438,0.632,9.761,0.481,NA,NA,0,NA,NA,0,NA,NA,0,18.182,0.23,4,17.236,0.146,4,NA,NA,0,NA,NA,0,NA,NA,0
172.787931,0.301,9.757733,0.351,15.278,0.054,5,16.246,0.119,5,NA,NA,0,15.751,0.056,5,14.881,0.032,5,14.568,0.047,5,NA,NA,0,NA,NA,0
172.78827,0.119,9.189301,0.092,10.366,0.013,6,11.564,0.077,4,NA,NA,0,10.912,0.038,5,10.029,0.047,6,9.656,0.019,2,9.523,0.063,2,NA,NA,0
172.791558,0.183,9.644742,0.513,12.576,0.039,5,13.225,0.107,5,NA,NA,0,12.85,0.05,5,12.409,0.044,5,12.3,0.034,5,12.38,0.011,3,NA,NA,0
172.791835,0.428,9.640944,0.23,14.471,0.055,4,15.499,0.042,4,NA,NA,0,15.021,0.052,5,14.156,0.047,5,13.83,0.043,5,NA,NA,0,NA,NA,0
172.792902,0.37,9.482628,0.423,13.595,0.014,5,14.357,0.064,5,NA,NA,0,13.933,0.044,4,13.4,0.035,4,13.247,0.058,4,13.499,0.204,2,NA,NA,0
172.79657,0.274,9.309486,0.125,NA,NA,0,NA,NA,0,NA,NA,0,18.196,0.165,1,17.757,0.252,1,NA,NA,0,NA,NA,0,NA,NA,0
172.798105,0.399,9.389059,0.442,14.049,0.024,4,15.065,0.109,4,NA,NA,0,14.541,0.076,4,13.742,0.046,4,13.473,0.047,4,13.453,0.156,1,NA,NA,0
172.799734,0.503,9.082594,0.444,17.335,0.112,3,17.859,0.099,3,NA,NA,0,17.656,0.039,3,17.152,0.178,3,NA,NA,0,NA,NA,0,NA,NA,0
172.802254,0.292,9.483164,0.404,15.599,0.021,4,16.986,0.193,4,NA,NA,0,16.276,0.033,4,15.005,0.041,4,14.421,0.051,4,NA,NA,0,NA,NA,0
172.802887,1.215,8.969261,0.829,NA,NA,0,NA,NA,0,NA,NA,0,18.045,0.146,1,17.627,0.231,1,NA,NA,0,NA,NA,0,NA,NA,0
172.809154,0.281,8.976836,0.297,NA,NA,0,NA,NA,0,NA,NA,0,18.48,0.189,1,17.587,0.211,1,NA,NA,0,NA,NA,0,NA,NA,0
172.809704,0.44,9.538606,0.321,14.43,0.02,4,14.441,0.09,4,NA,NA,0,14.345,0.028,4,14.511,0.032,4,14.642,0.067,4,NA,NA,0,NA,NA,0
172.810659,0.303,9.648956,0.316,15.441,0.06,5,16.492,0.097,5,NA,NA,0,15.992,0.042,5,15.081,0.048,5,14.767,0.05,5,NA,NA,0,NA,NA,0
172.811021,0.195,9.618094,0.172,15.363,0.045,4,15.992,0.067,4,NA,NA,0,15.594,0.039,4,15.184,0.023,4,15.059,0.094,4,NA,NA,0,NA,NA,0
172.812205,0.82,9.362005,0.512,17.934,0.29,1,18.028,0.214,1,NA,NA,0,17.835,0.044,2,17.759,0.008,2,NA,NA,0,NA,NA,0,NA,NA,0
172.812565,0.684,9.163396,0.411,NA,NA,0,NA,NA,0,NA,NA,0,18.297,0.081,2,17.02,0.014,2,16.532,0.246,1,NA,NA,0,NA,NA,0
172.8131,0.589,9.138259,0.6,NA,NA,0,NA,NA,0,NA,NA,0,18.117,0.044,3,17.138,0.034,3,16.288,0.133,2,NA,NA,0,NA,NA,0
172.813974,0.498,9.521961,0.402,17.067,0.034,2,17.913,0.173,2,NA,NA,0,17.388,0.136,4,16.658,0.095,4,16.121,0.061,2,NA,NA,0,NA,NA,0
172.814394,0.562,9.542503,0.369,16.973,0.081,2,17.884,0.027,2,NA,NA,0,17.482,0.069,4,16.64,0.081,4,16.151,0.065,2,NA,NA,0,NA,NA,0
172.815052,0.463,9.404032,0.58,NA,NA,0,NA,NA,0,NA,NA,0,18.7,0.116,2,16.794,0.125,2,15.085,0.013,2,NA,NA,0,NA,NA,0
172.815798,0.324,9.653117,0.484,NA,NA,0,NA,NA,0,NA,NA,0,18.03,0.012,2,17.428,0.027,2,NA,NA,0,NA,NA,0,NA,NA,0
172.819573,0.721,9.5223,0.394,17.099,0.13,3,17.616,0.194,3,NA,NA,0,17.256,0.09,4,16.839,0.211,4,16.513,0.186,3,NA,NA,0,NA,NA,0
172.820938,0.407,9.420944,0.293,14.315,0.022,4,14.946,0.08,4,NA,NA,0,14.593,0.042,4,14.174,0.037,4,14.03,0.055,4,13.52,0.182,1,NA,NA,0
172.822977,0.396,9.203502,0.55,16.458,0.11,4,17.494,0.18,4,NA,NA,0,16.904,0.027,4,16.25,0.022,4,16.174,0.033,4,NA,NA,0,NA,NA,0
172.824758,0.351,9.540079,0.256,12.844,0.017,4,13.713,0.073,4,NA,NA,0,13.226,0.04,4,12.581,0.041,4,12.414,0.052,4,12.532,0.245,3,NA,NA,0
172.824769,0.083,9.269191,0.68,NA,NA,0,NA,NA,0,NA,NA,0,18.179,0.141,1,17.66,0.241,1,NA,NA,0,NA,NA,0,NA,NA,0
172.825453,0.482,8.998454,0.277,NA,NA,0,NA,NA,0,NA,NA,0,17.895,0.099,3,16.533,0.173,3,15.447,0.104,3,NA,NA,0,NA,NA,0
172.82861,0.354,9.71661,0.464,16.56,0.074,5,17.141,0.116,5,NA,NA,0,16.783,0.058,5,16.438,0.024,5,16.244,0.394,4,NA,NA,0,NA,NA,0
172.829937,0.212,9.554621,0.214,14.228,0.019,4,15.012,0.088,4,NA,NA,0,14.558,0.039,4,14.032,0.034,4,13.851,0.06,4,NA,NA,0,NA,NA,0
172.831247,0.226,9.612552,0.193,15.322,0.025,4,16.05,0.053,4,NA,NA,0,15.593,0.051,4,15.177,0.06,4,14.985,0.023,4,NA,NA,0,NA,NA,0
172.833051,0.36,9.305935,0.164,16.112,0.074,4,16.794,0.069,4,NA,NA,0,16.408,0.072,4,15.861,0.075,4,15.667,0.074,4,NA,NA,0,NA,NA,0
172.835908,0.519,8.99117,0.465,16.371,0.117,4,17.502,0.101,4,NA,NA,0,16.97,0.142,4,15.935,0.063,4,15.524,0.117,4,NA,NA,0,NA,NA,0
172.835911,0.719,9.137433,0.564,17.466,0.19,1,18.411,0.265,1,NA,NA,0,18.294,0.158,1,17.025,0.131,1,NA,NA,0,NA,NA,0,NA,NA,0
172.838928,0.705,9.242177,0.636,17.387,0.014,2,18.052,0.076,2,NA,NA,0,17.693,0.058,4,17.074,0.097,4,NA,NA,0,NA,NA,0,NA,NA,0
172.8408,0.345,9.193125,0.274,NA,NA,0,NA,NA,0,NA,NA,0,17.843,0.062,3,16.941,0.179,3,16.467,0.231,1,NA,NA,0,NA,NA,0
172.841696,0.39,9.326271,0.301,NA,NA,0,NA,NA,0,NA,NA,0,18.08,0.121,3,16.665,0.017,3,15.878,0.241,3,NA,NA,0,NA,NA,0
172.843635,0.526,9.488701,0.357,17.035,0.089,3,17.66,0.18,3,NA,NA,0,17.261,0.049,4,16.858,0.097,4,NA,NA,0,NA,NA,0,NA,NA,0
172.844379,0.4,8.98675,0.201,17.41,0.085,2,17.604,0.072,2,NA,NA,0,17.628,0.086,1,17.713,0.227,1,NA,NA,0,NA,NA,0,NA,NA,0
172.847529,0.456,9.398599,0.389,16.838,0.057,4,17.453,0.089,4,NA,NA,0,17.143,0.071,4,16.636,0.143,4,16.563,0.011,2,NA,NA,0,NA,NA,0
172.847831,0.791,9.313059,0.583,NA,NA,0,NA,NA,0,NA,NA,0,18.074,0.036,2,16.969,0.251,2,16.505,0.252,1,NA,NA,0,NA,NA,0
172.851827,0.773,9.205103,0.64,NA,NA,0,NA,NA,0,NA,NA,0,18.173,0.148,2,17.746,0.38,2,NA,NA,0,NA,NA,0,NA,NA,0
172.854779,0.132,9.133012,0.252,14.88,0.018,4,15.811,0.099,4,NA,NA,0,15.282,0.029,4,14.59,0.03,4,14.385,0.017,4,NA,NA,0,NA,NA,0
172.856406,0.403,9.18803,0.439,16.32,0.018,4,17.511,0.144,4,NA,NA,0,16.858,0.043,4,15.801,0.046,4,15.301,0.105,4,NA,NA,0,NA,NA,0
172.857315,0.415,9.184625,0.752,NA,NA,0,NA,NA,0,NA,NA,0,17.986,0.134,1,17.198,0.157,1,NA,NA,0,NA,NA,0,NA,NA,0
172.85846,0.573,9.028343,0.436,17.649,0.172,3,18.118,0.072,3,NA,NA,0,17.878,0.126,3,17.315,0.103,3,NA,NA,0,NA,NA,0,NA,NA,0
172.858665,0.747,9.300754,0.396,NA,NA,0,NA,NA,0,NA,NA,0,18.109,0.101,3,16.903,0.061,3,16.191,0.251,3,NA,NA,0,NA,NA,0
172.858928,0.465,9.157975,0.26,16.315,0.032,4,17.233,0.103,4,NA,NA,0,16.78,0.046,4,16.044,0.055,4,15.77,0.124,4,NA,NA,0,NA,NA,0
172.860968,0.162,9.635357,0.171,10.16,0.052,9,11.099,0.097,6,NA,NA,0,10.649,0.066,6,9.897,0.047,3,9.681,0.064,3,9.504,0.025,3,NA,NA,0
172.861107,0.431,9.674307,0.361,16.501,0.124,5,17.434,0.265,5,NA,NA,0,16.958,0.081,5,16.258,0.069,5,16.006,0.153,5,NA,NA,0,NA,NA,0
172.861502,0.381,9.601984,0.494,17.42,0.2,1,18.299,0.335,1,NA,NA,0,18.384,0.224,1,17.444,0.208,1,NA,NA,0,NA,NA,0,NA,NA,0
172.863035,0.369,9.331854,0.204,16.018,0.02,4,16.502,0.08,4,NA,NA,0,16.198,0.031,4,15.824,0.066,4,15.782,0.121,4,NA,NA,0,NA,NA,0
172.865565,0.479,9.650713,0.084,NA,NA,0,NA,NA,0,NA,NA,0,18.378,0.217,1,17.055,0.169,1,NA,NA,0,NA,NA,0,NA,NA,0
172.866759,0.673,9.410931,0.358,17.48,0.194,1,18.316,0.284,1,NA,NA,0,18.123,0.12,3,17.453,0.084,3,NA,NA,0,NA,NA,0,NA,NA,0
172.868564,0.668,9.644467,1.062,16.641,0.143,1,17.662,0.343,1,NA,NA,0,17.291,0.113,1,16.361,0.103,1,16.087,0.22,1,NA,NA,0,NA,NA,0
172.870476,0.668,9.255382,0.647,NA,NA,0,NA,NA,0,NA,NA,0,18.143,0.068,3,17.476,0.089,3,NA,NA,0,NA,NA,0,NA,NA,0
172.878488,0.281,9.221951,0.274,14.427,0.007,4,15.676,0.06,4,NA,NA,0,15.067,0.045,4,13.912,0.025,4,13.512,0.033,4,13.371,0.147,1,NA,NA,0
172.878673,0.644,9.339691,0.415,17.623,0.222,1,18.015,0.212,1,NA,NA,0,18.066,0.184,4,16.774,0.058,4,16.411,0.189,4,NA,NA,0,NA,NA,0
172.883184,0.434,9.216653,0.383,NA,NA,0,NA,NA,0,NA,NA,0,17.881,0.182,3,16.834,0.032,3,16.426,0.119,3,NA,NA,0,NA,NA,0
172.883325,0.562,9.636573,0.4,17.699,0.277,3,18.212,0.077,3,NA,NA,0,17.974,0.181,5,17.316,0.149,5,NA,NA,0,NA,NA,0,NA,NA,0
172.883421,0.65,9.150988,0.483,NA,NA,0,NA,NA,0,NA,NA,0,17.811,0.076,4,16.74,0.118,4,16.431,0.222,1,NA,NA,0,NA,NA,0
172.886415,0.513,9.076156,0.4,17.774,0.235,1,18.131,0.204,1,NA,NA,0,17.82,0.074,3,17.28,0.127,3,NA,NA,0,NA,NA,0,NA,NA,0
172.894227,0.438,9.56267,0.392,16.631,0.111,1,19.477,1.011,1,NA,NA,0,17.819,0.102,4,16.328,0.076,4,15.398,0.098,4,NA,NA,0,NA,NA,0
172.894452,0.56,9.234016,0.581,NA,NA,0,NA,NA,0,NA,NA,0,17.772,0.146,4,16.794,0.121,4,16.066,0.056,2,NA,NA,0,NA,NA,0
172.895078,0.871,9.286116,0.428,NA,NA,0,NA,NA,0,NA,NA,0,18.505,0.016,2,16.981,0.087,2,15.91,0.092,2,NA,NA,0,NA,NA,0
172.895452,0.35,9.339806,0.345,16.37,0.029,4,17.346,0.081,4,NA,NA,0,16.959,0.14,4,16.072,0.072,4,15.875,0.13,4,NA,NA,0,NA,NA,0
172.895611,0.195,9.371089,0.216,15.032,0.023,4,15.798,0.077,4,NA,NA,0,15.374,0.026,4,14.82,0.022,4,14.637,0.112,4,NA,NA,0,NA,NA,0
172.896631,0.785,9.157379,0.468,17.928,0.28,1,18.129,0.208,1,NA,NA,0,17.903,0.083,2,17.741,0,2,NA,NA,0,NA,NA,0,NA,NA,0
172.897517,0.608,9.534418,0.461,NA,NA,0,NA,NA,0,NA,NA,0,18.108,0.257,2,17.644,0.053,2,NA,NA,0,NA,NA,0,NA,NA,0
172.897558,0.21,9.309664,0.219,15.24,0.017,4,16.703,0.096,4,NA,NA,0,16.002,0.026,4,14.683,0.029,4,14.098,0.053,4,13.484,0.164,1,NA,NA,0
172.902892,0.312,9.298871,0.415,16.417,0.079,4,17.44,0.262,4,NA,NA,0,16.955,0.104,4,16.16,0.081,4,15.818,0.139,4,NA,NA,0,NA,NA,0
172.904577,0.359,9.564981,0.337,14.616,0.023,4,15.296,0.051,4,NA,NA,0,14.899,0.065,4,14.397,0.045,4,14.244,0.048,4,NA,NA,0,NA,NA,0
172.905419,0.295,9.226205,0.174,16.187,0.054,3,17.525,0.14,3,NA,NA,0,16.937,0.157,4,15.66,0.094,4,15.126,0.029,4,NA,NA,0,NA,NA,0
172.911054,0.309,9.245211,0.184,15.474,0.015,4,16.434,0.106,4,NA,NA,0,15.914,0.04,4,15.127,0.075,4,14.86,0.056,4,NA,NA,0,NA,NA,0
172.912964,0.202,9.134387,0.227,13.733,0.009,4,14.326,0.069,4,NA,NA,0,13.97,0.037,4,13.577,0.031,4,13.482,0.058,4,13.579,0.167,1,NA,NA,0
172.913688,0.408,9.232021,0.807,NA,NA,0,NA,NA,0,NA,NA,0,18.509,0.209,1,17.505,0.223,1,NA,NA,0,NA,NA,0,NA,NA,0
172.913738,0.418,9.143585,0.319,16.558,0.024,3,17.503,0.064,3,NA,NA,0,17.153,0.09,4,16.23,0.05,4,15.85,0.05,4,NA,NA,0,NA,NA,0
172.914641,0.557,9.499091,0.545,16.893,0.059,4,17.511,0.077,4,NA,NA,0,17.255,0.087,4,16.898,0.057,4,16.262,0.193,1,NA,NA,0,NA,NA,0
172.916648,0.522,9.46849,0.466,16.055,0.024,3,17.228,0.072,3,NA,NA,0,16.744,0.094,4,15.704,0.048,4,15.309,0.076,4,NA,NA,0,NA,NA,0
172.917056,0.504,9.60228,0.385,16.056,0.082,4,16.737,0.106,4,NA,NA,0,16.324,0.056,4,15.9,0.092,4,15.75,0.092,4,NA,NA,0,NA,NA,0
172.919342,0.235,9.220351,0.29,13.546,0.025,4,14.259,0.064,4,NA,NA,0,13.836,0.041,4,13.37,0.038,4,13.216,0.042,4,13.338,0.21,2,NA,NA,0
172.927513,0.346,9.189629,0.302,16.119,0.034,4,17.285,0.067,4,NA,NA,0,16.691,0.046,4,15.71,0.084,4,15.24,0.034,4,NA,NA,0,NA,NA,0
172.929183,0.641,9.452409,0.397,16.864,0.042,3,17.934,0.148,3,NA,NA,0,17.56,0.178,4,16.588,0.13,4,16.183,0.115,3,NA,NA,0,NA,NA,0
172.930463,0.3,9.443876,0.35,15.875,0.049,4,17.467,0.111,4,NA,NA,0,16.676,0.087,4,15.259,0.029,4,14.537,0.076,4,NA,NA,0,NA,NA,0
172.940495,0.166,9.397542,0.197,14.911,0.038,4,15.856,0.101,4,NA,NA,0,15.352,0.048,4,14.627,0.037,4,14.324,0.055,4,NA,NA,0,NA,NA,0
172.940662,0.374,9.34694,0.19,13.699,0.011,4,14.798,0.065,4,NA,NA,0,14.188,0.051,4,13.336,0.031,4,13.033,0.048,4,12.911,0.073,2,NA,NA,0
172.942645,0.705,9.402981,0.484,16.915,0.093,3,17.641,0.161,3,NA,NA,0,17.33,0.061,4,17.013,0.158,4,NA,NA,0,NA,NA,0,NA,NA,0
172.942814,0.465,9.477249,0.395,15.052,0.024,5,15.968,0.072,5,NA,NA,0,15.485,0.049,5,14.735,0.054,5,14.542,0.09,5,NA,NA,0,NA,NA,0
172.945829,0.295,9.106965,0.288,16.187,0.093,4,17.16,0.1,4,NA,NA,0,16.676,0.036,4,15.947,0.104,4,15.678,0.108,4,NA,NA,0,NA,NA,0
172.946032,0.318,9.344341,0.312,16.193,0.07,3,17.278,0.145,3,NA,NA,0,16.777,0.055,4,15.771,0.077,4,15.389,0.14,4,NA,NA,0,NA,NA,0
172.952166,0.196,9.118789,0.127,15.247,0.011,4,15.972,0.058,4,NA,NA,0,15.549,0.045,4,15.048,0.029,4,14.863,0.11,4,NA,NA,0,NA,NA,0
172.962217,0.368,9.496719,0.201,16.21,0.041,3,17.312,0.148,3,NA,NA,0,16.865,0.06,4,15.798,0.019,4,15.266,0.114,4,NA,NA,0,NA,NA,0
172.968644,0.23,9.480544,0.221,15.448,0.04,5,16.08,0.093,5,NA,NA,0,15.716,0.036,5,15.248,0.054,5,15.069,0.064,5,NA,NA,0,NA,NA,0
172.969244,0.656,9.269742,0.339,16.963,0.107,2,17.816,0.106,2,NA,NA,0,17.297,0.127,4,16.742,0.08,4,16.456,0.115,3,NA,NA,0,NA,NA,0
172.973461,0.202,9.299103,0.199,12.999,0.015,4,13.654,0.088,4,NA,NA,0,13.273,0.033,4,12.836,0.031,4,12.74,0.062,4,12.965,0.044,2,NA,NA,0
172.994555,0.621,9.494154,0.57,17.027,0.028,3,17.968,0.174,3,NA,NA,0,17.415,0.077,3,16.941,0.014,3,NA,NA,0,NA,NA,0,NA,NA,0
173.000675,0.261,9.335612,0.53,NA,NA,0,NA,NA,0,NA,NA,0,18.088,0.135,1,17.753,0.264,1,NA,NA,0,NA,NA,0,NA,NA,0
