radeg,"raerr("")",decdeg,"decerr("")",Johnson_V (V),Verr,Vnobs,Johnson_B (B),Berr,Bnobs,Sloan_u (SU),SUerr,SUnobs,Sloan_g (SG),SGerr,SGnobs,Sloan_r (SR),SRerr,SRnobs,Sloan_i (SI),SIerr,SInobs,Sloan_z (SZ),SZerr,SZnobs,PanSTARRS_Y (Y),Yerr,Ynobs
182.566135,0.409,32.749268,0.369, , ,0, , ,0, , ,0,18.4,0.124,3,17.019,0.06,3,15.882,0.081,2, , ,0, , ,0
182.578876,0.223,32.590608,0.172,14.363,0.039,7,15.278,0.318,7, , ,0,14.842,0.27,7,14.131,0.083,7,13.873,0.079,7, , ,0, , ,0
182.583163,0.277,32.718133,0.154,14.452,0.031,6,15.132,0.025,6, , ,0,14.834,0.27,7,14.268,0.081,7,14.088,0.087,7, , ,0, , ,0
182.583742,0.111,32.688344,0.093,14.554,0.045,6,15.333,0.043,6, , ,0,14.922,0.032,5,14.365,0.09,5,14.144,0.054,5, , ,0, , ,0
182.590649,0.41,32.673524,0.345,15.955,0.036,6,16.997,0.099,6, , ,0,16.477,0.049,6,15.555,0.088,6,15.198,0.146,6, , ,0, , ,0
182.607174,0.183,32.836667,0.436, , ,0, , ,0, , ,0,18.119,0.014,2,17.454,0.05,2, , ,0, , ,0, , ,0
182.625797,0.583,32.605181,0.303, , ,0, , ,0, , ,0,18.315,0.124,3,16.807,0.08,3,15.877,0.318,3, , ,0, , ,0
182.627464,0.129,32.816872,0.124,14.52,0.028,7,15.347,0.04,7, , ,0,14.928,0.069,7,14.286,0.101,7,14.091,0.088,7, , ,0, , ,0
182.628145,0.363,32.806137,0.251,15.915,0.049,6,16.569,0.074,6, , ,0,16.259,0.071,7,15.716,0.09,7,15.612,0.152,7, , ,0, , ,0
182.630754,0.105,32.759169,0.168,14.447,0.047,7,15.251,0.062,7, , ,0,14.849,0.072,7,14.252,0.092,7,14.064,0.096,7, , ,0, , ,0
182.631879,0.467,32.784837,0.331,16.023,0.066,5,17.678,0.164,5, , ,0,16.894,0.084,6,15.45,0.097,6,14.385,0.116,6, , ,0, , ,0
182.633527,0.16,32.934011,0.124,14.998,0.036,6,15.676,0.065,6, , ,0,15.316,0.077,7,14.799,0.099,7,14.671,0.098,7, , ,0, , ,0
182.635504,0.394,32.845616,0.392,16.312,0.064,6,17.373,0.123,6, , ,0,16.855,0.054,7,15.987,0.108,7,15.61,0.114,7, , ,0, , ,0
182.63718,0.28,32.80151,0.277, , ,0, , ,0, , ,0,17.518,0.149,6,16.194,0.047,6,15.449,0.176,6, , ,0, , ,0
182.639175,0.4,32.748758,0.329,16.307,0.06,6,17.069,0.044,6, , ,0,16.75,0.07,7,16.02,0.122,7,15.991,0.272,7, , ,0, , ,0
182.639388,0.305,32.934118,0.253,15.774,0.072,6,17.101,0.05,6, , ,0,16.534,0.035,6,15.171,0.07,6,14.482,0.083,6, , ,0, , ,0
182.642529,0.405,32.779014,0.459, , ,0, , ,0, , ,0,17.89,0.116,5,16.655,0.137,5,15.531,0.124,5, , ,0, , ,0
182.642639,0.116,32.547828,0.117,11.234,0.036,7,11.99,0.286,7, , ,0,11.635,0.25,7,11.079,0.085,7,10.927,0.081,7, , ,0, , ,0
182.645336,0.303,32.624072,0.297,16.5,0.039,4,17.78,0.128,4, , ,0,17.243,0.119,6,15.957,0.165,6,15.398,0.105,6, , ,0, , ,0
182.64861,0.257,32.631519,0.314, , ,0, , ,0, , ,0,18.136,0.141,1,17.016,0.154,1, , ,0, , ,0, , ,0
182.649766,0.433,32.68642,0.385,16.966,0.055,2,17.925,0.137,2, , ,0,17.598,0.092,6,16.417,0.117,6,15.682,0.22,6, , ,0, , ,0
182.65005,0.412,32.61965,0.352,16.191,0.086,6,17.482,0.072,6, , ,0,16.903,0.058,6,15.721,0.091,6,15.141,0.112,6, , ,0, , ,0
182.654148,0.404,32.562065,0.258,16.053,0.064,6,16.933,0.164,6, , ,0,16.488,0.087,6,15.655,0.077,6,15.395,0.163,5, , ,0, , ,0
182.657516,0.236,32.551218,0.078,12.973,0.045,7,13.724,0.274,7, , ,0,13.37,0.26,7,12.82,0.088,7,12.68,0.08,7, , ,0, , ,0
182.658683,0.371,32.561963,0.252,15.682,0.066,6,15.708,0.075,6, , ,0,15.665,0.233,7,15.732,0.068,7,15.869,0.197,5, , ,0, , ,0
182.662914,0.222,32.547636,0.248,15.475,0.041,6,16.069,0.044,6, , ,0,15.767,0.079,6,15.298,0.078,6,15.115,0.08,6, , ,0, , ,0
182.665986,0.836,32.809503,0.535,17.731,0.257,1,17.748,0.189,1, , ,0,17.896,0.153,1,17.155,0.221,1, , ,0, , ,0, , ,0
182.666315,0.864,32.591571,0.597,17.601,0.293,3,18.135,0.065,3, , ,0,17.797,0.047,3,17.381,0.21,3, , ,0, , ,0, , ,0
182.679642,0.328,32.945225,0.293,16.042,0.076,6,16.981,0.121,6, , ,0,16.546,0.122,7,15.704,0.085,7,15.438,0.24,7, , ,0, , ,0
182.683148,0.382,32.986677,0.412,16.642,0.078,6,17.357,0.121,6, , ,0,16.971,0.087,6,16.459,0.206,6,16.267,0.177,4, , ,0, , ,0
182.691958,0.462,32.603202,0.245,16.482,0.083,4,17.782,0.079,4, , ,0,17.167,0.044,6,15.801,0.098,6,15.162,0.121,6, , ,0, , ,0
182.696847,0.331,32.959152,0.305,16.056,0.068,6,16.634,0.08,6, , ,0,16.349,0.076,6,15.81,0.135,6,15.752,0.154,6, , ,0, , ,0
182.699388,0.136,32.952893,0.135,12.944,0.037,7,14.006,0.056,7, , ,0,13.52,0.044,6,12.58,0.089,6,12.205,0.08,6, , ,0, , ,0
182.702862,0.248,32.528193,0.185,15.414,0.09,7,16.359,0.197,7, , ,0,15.907,0.272,7,15.107,0.103,7,14.856,0.128,7, , ,0, , ,0
182.70581,0.188,32.748508,0.296,10.559,0.019,6,11.175,0.029,6, , ,0,10.892,0.067,7,10.422,0.097,7,10.293,0.089,7, , ,0, , ,0
182.707428,0.332,32.593986,0.278,16.171,0.079,6,16.733,0.143,6, , ,0,16.469,0.077,6,16.117,0.102,6,15.982,0.17,3, , ,0, , ,0
182.707458,0.066,32.871673,0.057,11.493,0.035,7,12.35,0.057,7, , ,0,11.941,0.076,7,11.271,0.099,7,11.076,0.088,7, , ,0, , ,0
182.708385,0.071,32.767808,0.079,12.249,0.038,7,12.783,0.069,7, , ,0,12.522,0.073,7,12.151,0.096,7,12.085,0.093,7, , ,0, , ,0
182.708975,0.326,32.58935,0.177,14.113,0.049,7,14.91,0.274,7, , ,0,14.523,0.261,7,13.917,0.085,7,13.731,0.07,7, , ,0, , ,0
182.709716,0.12,32.965416,0.153,14.842,0.049,7,15.621,0.063,7, , ,0,15.231,0.065,7,14.643,0.093,7,14.503,0.076,7, , ,0, , ,0
182.718619,0.635,32.719867,0.578,16.847,0.123,4,17.645,0.132,4, , ,0,17.264,0.183,7,16.313,0.103,7,16.025,0.145,6, , ,0, , ,0
182.723317,0.411,32.972707,0.401,16.683,0.143,4,17.426,0.055,4, , ,0,17.034,0.051,6,16.475,0.201,6,16.169,0.064,5, , ,0, , ,0
182.725823,0.454,32.478644,0.567,17.029,0.043,3,17.643,0.251,3, , ,0,17.407,0.178,5,16.633,0.151,4,15.949,0.075,3, , ,0, , ,0
182.729382,1.519,32.928575,0.197,17.294,0.085,2,17.866,0.142,2, , ,0,17.523,0.025,2,16.86,0.135,2, , ,0, , ,0, , ,0
182.731306,0.076,32.897478,0.072,13.282,0.046,7,14.006,0.064,7, , ,0,13.653,0.067,7,13.111,0.099,7,12.975,0.082,7, , ,0, , ,0
182.735483,0.264,32.470692,0.356,15.926,0.086,7,16.761,0.098,7, , ,0,16.34,0.232,7,15.663,0.102,7,15.565,0.154,7, , ,0, , ,0
182.736076,0.52,32.540541,0.512,16.896,0.148,4,18.078,0.214,4, , ,0,17.546,0.058,6,16.872,0.141,6, , ,0, , ,0, , ,0
182.741914,0.109,32.87634,0.061,13.173,0.034,7,14.045,0.063,7, , ,0,13.635,0.08,7,12.944,0.093,7,12.732,0.087,7, , ,0, , ,0
182.746726,0.145,32.881022,0.057,13.148,0.049,7,14.196,0.054,7, , ,0,13.717,0.082,7,12.783,0.099,7,12.471,0.096,7, , ,0, , ,0
182.747909,0.6,32.609113,0.417,16.285,0.107,4,17.641,0.061,4, , ,0,17.016,0.18,7,15.769,0.13,7,15.1,0.053,7, , ,0, , ,0
182.747944,0.238,32.457139,0.653, , ,0, , ,0, , ,0,17.932,0.053,3,16.467,0.049,2,15.571,0.186,3, , ,0, , ,0
182.749483,0.045,32.956068,0.049,10.238,0.033,7,10.79,0.053,7, , ,0,10.572,0.058,5,10.145,0.11,5,10.167,0.05,2, , ,0, , ,0
182.751879,0.83,32.932226,0.445,17.101,0.04,2,17.783,0.16,2, , ,0,17.553,0.073,6,16.67,0.082,6,16.112,0.106,5, , ,0, , ,0
182.758078,0.475,32.754965,0.354, , ,0, , ,0, , ,0,17.662,0.086,6,16.438,0.136,6,15.761,0.113,6, , ,0, , ,0
182.763322,0.284,32.721873,0.175,15.552,0.046,6,16.312,0.125,6, , ,0,15.925,0.087,7,15.37,0.123,7,15.142,0.108,7, , ,0, , ,0
182.765405,0.277,32.493363,0.218,15.9,0.067,6,17.23,0.189,6, , ,0,16.653,0.406,7,15.375,0.115,7,14.848,0.113,7, , ,0, , ,0
182.766528,0.198,32.908644,0.211,15.192,0.039,7,16,0.136,7, , ,0,15.601,0.093,7,14.953,0.095,7,14.795,0.077,7, , ,0, , ,0
182.77234,0.153,32.81556,0.095,14.152,0.052,6,14.817,0.053,6, , ,0,14.497,0.078,7,13.963,0.109,7,13.83,0.07,7, , ,0, , ,0
182.773763,0.336,32.948731,0.248,15.945,0.085,6,17.146,0.138,6, , ,0,16.676,0.097,6,15.382,0.101,6,14.93,0.097,6, , ,0, , ,0
182.774317,0.153,32.916195,0.12,14.882,0.053,6,15.583,0.024,6, , ,0,15.242,0.073,7,14.674,0.098,7,14.517,0.051,7, , ,0, , ,0
182.774487,0.276,33.028686,0.496, , ,0, , ,0, , ,0,18.203,0.147,1,16.991,0.13,1,16.138,0.196,1, , ,0, , ,0
182.775905,0.406,32.562217,0.149,14.531,0.044,7,15.221,0.329,7, , ,0,14.888,0.246,7,14.359,0.088,7,14.215,0.103,7, , ,0, , ,0
182.782358,0.347,32.469561,0.285,15.693,0.059,6,16.91,0.121,6, , ,0,16.414,0.228,7,15.138,0.096,7,14.71,0.088,7, , ,0, , ,0
182.783666,0.295,32.804894,0.199,15.405,0.085,6,16.146,0.071,6, , ,0,15.751,0.09,7,15.173,0.094,7,15.064,0.126,7, , ,0, , ,0
182.790685,0.876,32.683946,0.221, , ,0, , ,0, , ,0,17.486,0.092,1,17.03,0.165,1, , ,0, , ,0, , ,0
182.790873,0.166,32.925259,0.083,13.25,0.032,7,13.928,0.067,7, , ,0,13.588,0.08,7,13.095,0.102,7,12.974,0.094,7, , ,0, , ,0
182.79141,0.329,32.956602,0.33,15.609,0.058,7,16.265,0.073,7, , ,0,15.949,0.062,7,15.468,0.103,7,15.268,0.125,7, , ,0, , ,0
182.804021,0.518,33.041988,0.388,16.496,0.087,5,17.109,0.111,5, , ,0,16.784,0.048,6,16.37,0.077,6,16.183,0.152,5, , ,0, , ,0
182.804352,0.12,32.391226,0.081, , ,0, , ,0, , ,0,17.942,0.125,1,17.486,0.21,1, , ,0, , ,0, , ,0
182.806947,0.477,32.782297,0.483,17.314,0.165,1,18.041,0.21,1, , ,0,17.623,0.095,6,16.935,0.092,6, , ,0, , ,0, , ,0
182.810236,0.448,32.384548,0.276,15.332,0.04,5,16.408,0.049,5, , ,0,15.932,0.247,6,15.044,0.085,6,14.636,0.199,6, , ,0, , ,0
182.816929,0.365,32.741605,0.266,16.161,0.095,5,16.891,0.052,5, , ,0,16.596,0.063,5,16.024,0.14,5,15.929,0.106,5, , ,0, , ,0
182.817739,0.298,32.387987,0.202,15.782,0.072,5,16.993,0.192,5, , ,0,16.413,0.225,6,15.272,0.106,6,14.875,0.135,6, , ,0, , ,0
182.821662,0.908,32.593926,0.423,15.807,0.065,5,16.66,0.027,5, , ,0,16.286,0.045,5,15.511,0.132,5,15.255,0.172,5, , ,0, , ,0
182.826956,0.545,32.631071,0.385,16.898,0.017,2,17.834,0.068,2, , ,0,17.431,0.138,5,16.47,0.155,5,16.103,0.21,3, , ,0, , ,0
182.829528,0.199,32.581,0.215,15.825,0.045,5,16.803,0.025,5, , ,0,16.35,0.061,5,15.409,0.083,5,15.107,0.096,5, , ,0, , ,0
182.829762,0.296,32.663061,0.41,16.29,0.06,5,17.113,0.125,5, , ,0,16.773,0.042,5,15.865,0.127,5,15.548,0.081,5, , ,0, , ,0
182.829989,0.421,32.400721,0.29,16.07,0.092,5,16.749,0.048,5, , ,0,16.463,0.206,6,15.86,0.116,6,15.688,0.135,6, , ,0, , ,0
182.830762,0.558,32.687621,0.494,17.042,0.088,3,17.598,0.083,3, , ,0,17.341,0.094,5,16.567,0.13,5,16.25,0.148,3, , ,0, , ,0
182.835376,0.28,33.059577,0.292,13.31,0.044,6,14.227,0.15,6, , ,0,13.811,0.061,6,13.014,0.11,6,12.8,0.088,6, , ,0, , ,0
182.840535,0.335,32.492186,0.324,17.052,0.139,1,18.276,0.275,1, , ,0,17.783,0.073,5,16.427,0.091,5,15.389,0.048,5, , ,0, , ,0
182.842432,0.221,32.712033,0.271,16.144,0.071,5,16.768,0.083,5, , ,0,16.424,0.054,5,15.96,0.1,5,15.864,0.123,4, , ,0, , ,0
182.84881,0.329,32.362138,0.402,16.651,0.023,3,18.071,0.143,3, , ,0,17.432,0.12,5,16.031,0.077,5,15.569,0.201,5, , ,0, , ,0
182.851221,0.425,32.685197,0.362,16.195,0.108,5,16.76,0.083,5, , ,0,16.457,0.062,5,16.027,0.112,5,15.913,0.186,4, , ,0, , ,0
182.853104,0.167,32.638403,0.16,15.07,0.035,5,16.039,0.085,5, , ,0,15.578,0.048,5,14.724,0.102,5,14.423,0.087,5, , ,0, , ,0
182.855025,0.356,32.412392,0.406,16.459,0.084,5,17.125,0.081,5, , ,0,16.804,0.297,6,16.315,0.193,6,16.112,0.24,5, , ,0, , ,0
182.861376,0.227,32.441193,0.147,14.748,0.048,5,15.669,0.047,5, , ,0,15.267,0.25,6,14.43,0.086,6,14.149,0.083,6, , ,0, , ,0
182.861707,0.17,32.664793,0.136,15.106,0.029,5,15.883,0.043,5, , ,0,15.506,0.047,5,14.892,0.084,5,14.641,0.08,5, , ,0, , ,0
182.864298,0.446,32.454922,0.288,16.518,0.136,5,17.429,0.244,5, , ,0,16.933,0.066,5,16.321,0.163,5,16.161,0.171,5, , ,0, , ,0
182.866422,1.451,32.724284,0.397,17.903,0.277,1,18.232,0.266,1, , ,0,18.012,0.102,2,17.586,0.105,2, , ,0, , ,0, , ,0
182.867743,0.53,32.741197,0.434,17.438,0.064,2,17.697,0.005,2, , ,0,17.599,0.058,4,17.231,0.124,4, , ,0, , ,0, , ,0
182.868061,0.102,32.846884,0.096,13.986,0.051,6,14.596,0.079,6, , ,0,14.312,0.053,5,13.854,0.101,5,13.721,0.055,5, , ,0, , ,0
182.873601,0.158,32.54356,0.19,15.732,0.033,5,16.578,0.049,5, , ,0,16.161,0.024,5,15.43,0.096,5,15.143,0.101,5, , ,0, , ,0
182.877435,0.464,32.582842,0.334,16.85,0.177,2,17.912,0.219,2, , ,0,17.457,0.061,5,16.21,0.131,5,15.819,0.134,5, , ,0, , ,0
182.881749,0.539,32.774238,0.518,17.538,0.2,1,17.958,0.203,1, , ,0,17.837,0.122,3,17.172,0.256,3, , ,0, , ,0, , ,0
182.888232,0.109,32.712465,0.088,13.747,0.024,5,14.488,0.03,5, , ,0,14.131,0.051,5,13.546,0.097,5,13.392,0.074,5, , ,0, , ,0
182.889979,0.401,32.40309,0.328,16.912,0.136,5,17.299,0.134,5, , ,0,17.082,0.151,6,16.692,0.179,6, , ,0, , ,0, , ,0
182.898241,0.715,32.730628,0.577, , ,0, , ,0, , ,0,18.369,0.006,2,17.171,0.186,2,16.248,0.221,1, , ,0, , ,0
182.903644,0.139,33.090891,0.135,15.029,0.054,5,15.593,0.078,5, , ,0,15.354,0.061,6,14.84,0.103,6,14.742,0.12,6, , ,0, , ,0
182.904101,0.515,33.104125,0.439,17.166,0.087,3,17.663,0.292,3, , ,0,17.415,0.127,5,16.983,0.125,5, , ,0, , ,0, , ,0
182.904109,0.43,32.867507,0.391,17.549,0.214,1,18.064,0.232,1, , ,0,17.916,0.054,3,17.109,0.097,3,16.341,0.236,1, , ,0, , ,0
182.906593,0.269,32.372758,0.164,14.813,0.063,6,15.518,0.337,6, , ,0,15.211,0.283,6,14.612,0.1,6,14.491,0.15,6, , ,0, , ,0
182.908402,0.18,33.070954,0.15,15.014,0.06,5,15.696,0.046,5, , ,0,15.37,0.084,6,14.772,0.127,6,14.615,0.103,6, , ,0, , ,0
182.913888,0.348,32.385353,0.449,16.762,0.138,5,17.511,0.135,5, , ,0,17.098,0.087,5,16.661,0.187,5,16.143,0.225,1, , ,0, , ,0
182.915052,0.185,32.861919,0.303, , ,0, , ,0, , ,0,18.324,0.137,3,17.019,0.063,3,15.527,0.168,3, , ,0, , ,0
182.916982,0.466,32.423227,0.255,15.811,0.071,5,16.458,0.041,5, , ,0,16.148,0.319,6,15.691,0.068,6,15.479,0.17,6, , ,0, , ,0
182.919426,0.434,32.531669,0.323,16.833,0.052,3,17.635,0.09,3, , ,0,17.276,0.039,5,16.634,0.142,5,16.476,0.251,1, , ,0, , ,0
182.923677,0.721,32.551197,0.522,17.142,0.148,1,18.083,0.218,1, , ,0,17.723,0.076,3,16.984,0.19,3,16.235,0.21,1, , ,0, , ,0
182.927316,0.228,32.672369,0.299,15.895,0.095,5,16.635,0.142,5, , ,0,16.209,0.072,5,15.695,0.104,5,15.473,0.088,5, , ,0, , ,0
182.929689,0.118,32.622728,0.084,14.121,0.031,5,14.87,0.037,5, , ,0,14.504,0.047,5,13.924,0.105,5,13.751,0.098,5, , ,0, , ,0
182.933357,0.298,32.790076,0.324,15.479,0.042,5,17.096,0.1,5, , ,0,16.308,0.039,5,14.888,0.09,5,13.859,0.094,5, , ,0, , ,0
182.934104,0.495,32.370341,0.333,16.868,0.118,2,17.97,0.15,2, , ,0,17.516,0.141,5,16.422,0.176,5,16.141,0.174,5, , ,0, , ,0
182.937145,0.175,32.825212,0.753, , ,0, , ,0, , ,0,18.42,0.168,1,17.459,0.193,1, , ,0, , ,0, , ,0
182.949697,0.392,32.541306,0.233,16.344,0.078,3,17.885,0.014,3, , ,0,17.123,0.087,5,15.724,0.069,5,14.78,0.096,5, , ,0, , ,0
182.950019,0.14,32.924704,0.107,14.693,0.05,6,15.543,0.071,6, , ,0,15.146,0.084,6,14.439,0.124,6,14.28,0.13,6, , ,0, , ,0
182.952843,0.394,32.471346,0.261,15.81,0.017,5,17.226,0.187,5, , ,0,16.596,0.067,5,15.245,0.092,5,14.73,0.038,5, , ,0, , ,0
182.954514,0.328,32.967372,0.189,15.506,0.054,5,16.767,0.079,5, , ,0,16.214,0.087,6,14.967,0.116,6,14.542,0.096,6, , ,0, , ,0
182.955438,0.249,32.450395,0.187,15.712,0.046,5,16.549,0.05,5, , ,0,16.158,0.055,5,15.502,0.095,5,15.255,0.164,5, , ,0, , ,0
182.95698,0.178,32.676772,0.255,15.386,0.035,5,16.177,0.052,5, , ,0,15.776,0.045,5,15.099,0.111,5,14.974,0.09,5, , ,0, , ,0
182.957983,0.653,32.985469,0.493,17.168,0.02,2,17.651,0.089,2, , ,0,17.467,0.105,5,16.7,0.224,5,16.256,0.072,2, , ,0, , ,0
182.958613,0.176,32.920367,0.104,14.934,0.072,5,16.346,0.047,5, , ,0,15.714,0.062,6,14.344,0.111,6,13.728,0.134,6, , ,0, , ,0
182.962128,0.226,32.717245,0.257,15.61,0.076,5,16.419,0.042,5, , ,0,16.022,0.045,5,15.315,0.077,5,15.08,0.051,5, , ,0, , ,0
182.962665,0.413,32.630979,0.348,16.644,0.09,4,17.116,0.134,4, , ,0,16.967,0.053,5,16.516,0.142,5,16.077,0.079,2, , ,0, , ,0
182.963736,0.184,32.340409,0.194,13.667,0.029,6,14.288,0.282,6, , ,0,14.017,0.277,6,13.528,0.092,6,13.414,0.097,6, , ,0, , ,0
182.964156,0.133,32.86779,0.165,14.7,0.034,5,15.442,0.058,5, , ,0,15.097,0.052,5,14.503,0.11,5,14.336,0.091,5, , ,0, , ,0
182.971886,0.264,32.732815,0.262,15.91,0.083,5,16.767,0.099,5, , ,0,16.348,0.085,6,15.57,0.1,6,15.346,0.172,6, , ,0, , ,0
182.976393,0.216,33.079621,0.26,15.643,0.074,5,16.318,0.078,5, , ,0,15.991,0.056,5,15.469,0.092,5,15.407,0.138,5, , ,0, , ,0
182.979141,0.472,33.064958,0.445,17.235,0.198,2,17.893,0.046,2, , ,0,17.698,0.213,5,17.082,0.103,5, , ,0, , ,0, , ,0
182.984063,0.125,32.811542,0.128,14.363,0.039,6,15.034,0.091,6, , ,0,14.727,0.086,6,14.206,0.118,6,14.066,0.088,6, , ,0, , ,0
182.985308,0.338,32.72394,0.301,16.005,0.067,5,16.948,0.068,5, , ,0,16.484,0.055,5,15.715,0.107,5,15.468,0.162,5, , ,0, , ,0
182.985657,0.29,32.510056,0.38, , ,0, , ,0, , ,0,17.924,0.018,3,17.211,0.094,3, , ,0, , ,0, , ,0
182.985895,0.593,32.631953,0.312,16.621,0.136,3,17.67,0.131,3, , ,0,17.261,0.053,5,15.914,0.142,5,15.291,0.175,5, , ,0, , ,0
182.985986,0.347,33.113402,0.32,16.396,0.051,5,17.065,0.07,5, , ,0,16.709,0.053,5,16.228,0.111,5,16.001,0.154,5, , ,0, , ,0
182.986202,0.441,32.863268,0.253, , ,0, , ,0, , ,0,18.359,0.321,2,17.348,0.031,2, , ,0, , ,0, , ,0
182.989883,0.37,32.624474,0.382, , ,0, , ,0, , ,0,17.852,0.123,3,16.675,0.034,3,15.497,0.114,3, , ,0, , ,0
182.9932,0.406,33.105723,0.254,16.045,0.075,4,17.116,0.166,4, , ,0,16.703,0.068,5,15.569,0.08,5,15.146,0.077,5, , ,0, , ,0
182.993391,0.543,33.042367,0.312,16.953,0.185,3,17.461,0.157,3, , ,0,17.169,0.107,6,16.536,0.087,6,16.208,0.087,3, , ,0, , ,0
182.999204,0.078,32.464913,0.081,14.188,0.024,5,14.828,0.054,5, , ,0,14.525,0.049,5,14.035,0.085,5,13.896,0.077,5, , ,0, , ,0
183.002529,0.196,32.845962,0.149,15.296,0.071,5,16.165,0.072,5, , ,0,15.72,0.049,5,14.959,0.099,5,14.704,0.076,5, , ,0, , ,0
183.005883,0.141,32.780434,0.09,13.839,0.058,6,15.025,0.075,6, , ,0,14.519,0.096,6,13.354,0.109,6,12.951,0.104,6, , ,0, , ,0
183.006206,0.09,32.642546,0.064,13.769,0.045,5,14.381,0.046,5, , ,0,14.085,0.053,5,13.62,0.096,5,13.487,0.065,5, , ,0, , ,0
183.007033,0.151,32.708462,0.161,14.999,0.043,5,15.841,0.07,5, , ,0,15.415,0.063,5,14.726,0.091,5,14.475,0.104,5, , ,0, , ,0
183.008831,0.081,32.563562,0.079,13.694,0.031,5,14.429,0.044,5, , ,0,14.074,0.052,5,13.503,0.095,5,13.344,0.072,5, , ,0, , ,0
183.010503,0.224,32.731555,0.225,14.529,0.032,5,15.301,0.052,5, , ,0,14.918,0.081,6,14.281,0.103,6,14.076,0.079,6, , ,0, , ,0
183.011859,0.067,33.02863,0.071,12.614,0.048,7,13.339,0.138,7, , ,0,13.003,0.137,7,12.444,0.102,7,12.329,0.095,7, , ,0, , ,0
183.012366,0.757,32.982956,0.335,17.076,0.152,3,17.601,0.041,3, , ,0,17.324,0.187,6,16.703,0.141,6,16.28,0.131,3, , ,0, , ,0
183.013615,0.194,32.68275,0.134,14.452,0.043,5,15.968,0.097,5, , ,0,15.28,0.06,5,13.854,0.101,5,13.132,0.088,5, , ,0, , ,0
183.018865,0.311,32.73471,0.481,15.742,0.045,3,16.637,0.105,3, , ,0,16.184,0.1,6,15.352,0.12,6,14.994,0.04,4, , ,0, , ,0
183.02977,0.4,32.555308,0.399,16.337,0.094,3,17.419,0.083,3, , ,0,16.935,0.07,6,15.959,0.067,6,15.627,0.105,5, , ,0, , ,0
183.031046,0.078,32.51051,0.048,11.258,0.043,6,11.871,0.115,6, , ,0,11.581,0.117,6,11.121,0.1,6,11.056,0.078,6, , ,0, , ,0
183.033466,0.315,33.115464,0.702, , ,0, , ,0, , ,0,18.178,0.174,4,16.966,0.15,4,16.353,0.048,2, , ,0, , ,0
183.035119,0.107,32.837703,0.084,13.76,0.054,7,14.394,0.141,7, , ,0,14.089,0.136,7,13.58,0.097,7,13.476,0.085,7, , ,0, , ,0
183.038912,0.124,32.873864,0.131,15.063,0.061,6,15.889,0.127,6, , ,0,15.491,0.126,7,14.787,0.091,7,14.545,0.11,7, , ,0, , ,0
183.040325,0.18,32.677752,0.183,15.53,0.043,6,16.407,0.163,6, , ,0,15.946,0.116,6,15.26,0.111,6,15.081,0.085,6, , ,0, , ,0
183.042152,0.421,32.755931,0.457,16.469,0.03,6,17.061,0.175,6, , ,0,16.763,0.142,6,16.264,0.124,6,16.216,0.08,3, , ,0, , ,0
183.044461,0.348,32.796167,0.397,16.216,0.093,6,16.685,0.152,6, , ,0,16.456,0.143,7,16.034,0.161,7,16.122,0.345,6, , ,0, , ,0
183.051783,0.101,32.713572,0.049,11.074,0.043,6,12.223,0.107,6, , ,0,11.667,0.11,6,10.716,0.105,6,10.404,0.085,6, , ,0, , ,0
183.057297,0.077,32.988032,0.086,13.52,0.052,7,14.226,0.12,7, , ,0,13.895,0.123,7,13.345,0.102,7,13.191,0.109,7, , ,0, , ,0
183.058327,0.144,33.101462,0.069,10.988,0.053,7,12.003,0.113,7, , ,0,11.532,0.121,7,10.706,0.11,7,10.459,0.108,7, , ,0, , ,0
183.059959,0.07,32.534182,0.167,12.24,0.041,6,12.984,0.106,6, , ,0,12.634,0.105,6,12.036,0.101,6,11.911,0.079,6, , ,0, , ,0
183.064367,0.179,33.024017,0.177,14.4,0.043,7,15.402,0.127,7, , ,0,14.944,0.125,7,14.035,0.115,7,13.78,0.104,7, , ,0, , ,0
183.07187,0.351,32.751904,0.446,16.141,0.061,4,17.746,0.117,4, , ,0,16.994,0.179,7,15.531,0.111,7,14.629,0.098,7, , ,0, , ,0
183.078737,0.491,33.094843,0.441,16.449,0.129,6,17.462,0.144,6, , ,0,16.984,0.16,8,16.25,0.114,8,15.793,0.185,8, , ,0, , ,0
183.079646,0.185,32.870041,0.171,14.296,0.044,9,14.887,0.134,9, , ,0,14.577,0.125,9,14.114,0.091,9,14.021,0.089,9, , ,0, , ,0
183.0801,0.65,32.923406,0.956,16.598,0.133,5,17.335,0.233,5, , ,0,17.019,0.07,7,16.36,0.114,7,16.05,0.223,7, , ,0, , ,0
183.081717,0.135,33.109039,0.616, , ,0, , ,0, , ,0,18.267,0.158,1,17.656,0.247,1, , ,0, , ,0, , ,0
183.08479,0.417,32.37315,0.438,17.571,0.204,1,17.836,0.185,1, , ,0,17.839,0.088,5,17.083,0.144,5,16.524,0.313,1, , ,0, , ,0
183.087645,0.517,33.095286,0.366,15.882,0.079,9,16.551,0.133,9, , ,0,16.213,0.123,10,15.715,0.109,10,15.59,0.166,10, , ,0, , ,0
183.091794,0.368,32.874989,0.362,15.755,0.076,7,17.13,0.162,7, , ,0,16.488,0.143,11,15.041,0.098,11,14.303,0.109,11, , ,0, , ,0
183.092585,0.557,32.562482,0.332,16.277,0.144,8,17.128,0.149,8, , ,0,16.714,0.136,8,15.972,0.141,8,15.63,0.145,8, , ,0, , ,0
183.096941,0.32,32.68383,0.494, , ,0, , ,0, , ,0,18.258,0.198,4,17.01,0.07,4,16.145,0.115,3, , ,0, , ,0
183.098049,0.598,32.996057,0.568,16.107,0.104,11,17.081,0.119,11, , ,0,16.548,0.119,13,15.777,0.103,13,15.568,0.152,13, , ,0, , ,0
183.101488,0.552,32.75943,0.587,17.535,0.204,4,17.829,0.128,4, , ,0,17.735,0.197,9,17.067,0.252,9,16.536,0.299,1, , ,0, , ,0
183.102041,0.912,32.397021,0.374, , ,0, , ,0, , ,0,17.687,0.159,1,17.586,0.314,1, , ,0, , ,0, , ,0
183.106418,0.194,33.010675,0.178,12.612,0.073,16,13.198,0.107,16, , ,0,12.89,0.116,16,12.473,0.102,16,12.364,0.103,16, , ,0, , ,0
183.107659,0.517,32.965797,0.482,16.314,0.119,13,16.91,0.141,13, , ,0,16.672,0.109,15,16.15,0.127,15,16.012,0.264,13, , ,0, , ,0
183.107918,0.557,32.675064,0.383,16.173,0.097,11,17.34,0.146,11, , ,0,16.784,0.124,13,15.763,0.111,13,15.478,0.119,13, , ,0, , ,0
183.110327,0.328,33.025463,0.241,14.201,0.07,16,15.135,0.102,16, , ,0,14.67,0.113,16,13.886,0.106,16,13.626,0.102,16, , ,0, , ,0
183.116622,0.586,32.688716,0.894, , ,0, , ,0, , ,0,18.502,0.078,2,17.26,0.111,2, , ,0, , ,0, , ,0
183.117926,0.541,32.927969,0.372,15.563,0.077,16,16.584,0.142,16, , ,0,16.108,0.119,15,15.149,0.105,15,14.786,0.116,15, , ,0, , ,0
183.124995,0.301,32.850928,0.263,14.595,0.07,15,15.296,0.097,15, , ,0,14.923,0.103,15,14.381,0.102,15,14.224,0.132,15, , ,0, , ,0
183.12796,0.482,33.064306,0.343,15.96,0.092,11,17.194,0.133,11, , ,0,16.659,0.119,16,15.455,0.112,16,14.949,0.136,15, , ,0, , ,0
183.129027,0.588,32.472685,0.331, , ,0, , ,0, , ,0,17.966,0.184,1,17.371,0.272,1, , ,0, , ,0, , ,0
183.134065,0.576,32.524946,0.398,15.357,0.059,15,16.029,0.115,15, , ,0,15.703,0.095,15,15.149,0.106,15,14.913,0.096,15, , ,0, , ,0
183.138007,0.234,33.011924,0.14,11.706,0.074,16,12.879,0.095,16, , ,0,12.277,0.118,16,11.358,0.101,16,11.041,0.102,16, , ,0, , ,0
183.139078,0.468,32.887025,0.379,15.154,0.076,16,15.894,0.109,16, , ,0,15.499,0.099,15,14.936,0.102,15,14.788,0.133,15, , ,0, , ,0
183.139235,0.193,32.403434,0.162,13.472,0.065,15,14.284,0.088,15, , ,0,13.873,0.09,15,13.254,0.094,15,13.078,0.097,15, , ,0, , ,0
183.140794,0.575,32.862684,0.623,17.465,0.034,2,17.951,0.03,2, , ,0,17.772,0.097,7,17.295,0.282,7,16.507,0.292,1, , ,0, , ,0
183.142579,0.406,32.909725,0.442,15.541,0.079,15,16.676,0.142,15, , ,0,16.142,0.126,15,15.075,0.108,15,14.669,0.123,15, , ,0, , ,0
183.142718,0.197,32.93854,0.229,14.338,0.072,15,15.081,0.106,15, , ,0,14.701,0.12,15,14.114,0.103,15,13.917,0.105,15, , ,0, , ,0
183.152288,0.501,32.411989,0.493,16.833,0.167,7,17.699,0.265,7, , ,0,17.293,0.141,14,16.639,0.142,14,16.373,0.201,5, , ,0, , ,0
183.153996,0.633,32.781576,0.386,16.01,0.117,15,16.64,0.207,15, , ,0,16.302,0.13,15,15.849,0.117,15,15.803,0.162,15, , ,0, , ,0
183.160066,0.671,33.109823,0.534,16.439,0.15,7,17.306,0.11,7, , ,0,16.798,0.114,13,16.134,0.169,12,15.702,0.155,10, , ,0, , ,0
183.163584,0.213,32.388352,0.181,10.696,0.067,15,11.319,0.087,15, , ,0,11.012,0.089,15,10.569,0.095,15,10.446,0.09,15, , ,0, , ,0
183.166195,0.219,32.510098,0.163,12.767,0.066,15,13.403,0.086,15, , ,0,13.078,0.089,15,12.625,0.097,15,12.494,0.088,15, , ,0, , ,0
183.169495,0.187,32.885082,0.208,13.178,0.068,16,14.018,0.1,16, , ,0,13.591,0.115,16,12.936,0.098,16,12.726,0.112,16, , ,0, , ,0
183.171107,0.308,32.455313,0.297,14.777,0.068,15,15.721,0.094,15, , ,0,15.262,0.096,15,14.462,0.086,15,14.188,0.103,15, , ,0, , ,0
183.175447,0.731,33.047543,0.637,16.447,0.129,5,17.179,0.081,5, , ,0,16.804,0.123,14,16.084,0.108,14,15.832,0.162,11, , ,0, , ,0
183.184226,0.419,32.833751,0.455, , ,0, , ,0, , ,0,18.039,0.124,2,17.499,0.241,2, , ,0, , ,0, , ,0
183.185637,0.633,32.623516,0.393,15.978,0.121,15,16.574,0.151,15, , ,0,16.269,0.096,15,15.792,0.133,15,15.742,0.211,14, , ,0, , ,0
183.189154,0.3,32.828457,0.066, , ,0, , ,0, , ,0,18.007,0.12,1,17.41,0.19,1, , ,0, , ,0, , ,0
183.190737,0.624,32.4233,0.451,17.024,0.126,7,17.622,0.214,7, , ,0,17.349,0.205,14,16.807,0.167,14,16.368,0.225,1, , ,0, , ,0
183.190876,0.556,32.4436,0.51,17.184,0.071,2,18.193,0.136,2, , ,0,17.778,0.161,11,16.53,0.218,11,16.03,0.208,9, , ,0, , ,0
183.193598,0.555,33.045381,0.285,15.311,0.067,13,16.395,0.12,13, , ,0,15.881,0.102,15,14.862,0.1,15,14.544,0.124,15, , ,0, , ,0
183.1941,0.486,32.482305,0.419, , ,0, , ,0, , ,0,17.939,0.131,6,16.765,0.192,5,15.851,0.21,6, , ,0, , ,0
183.197723,0.5,32.457974,0.487,16.947,0.149,8,17.605,0.223,8, , ,0,17.165,0.096,15,16.68,0.149,15,16.219,0.092,7, , ,0, , ,0
183.201585,0.683,32.67688,0.418,17.008,0.131,2,17.918,0.135,2, , ,0,17.691,0.137,11,16.373,0.155,11,15.817,0.28,10, , ,0, , ,0
183.202305,0.876,32.971911,0.86, , ,0, , ,0, , ,0,18.655,0.227,1,17.246,0.177,1, , ,0, , ,0, , ,0
183.203821,0.463,32.661777,0.589,16.645,0.049,4,17.499,0.067,4, , ,0,17.043,0.15,15,16.185,0.135,15,15.747,0.243,15, , ,0, , ,0
183.205113,0.589,32.764116,0.516,17.172,0.151,1,18.388,0.295,1, , ,0,17.776,0.227,12,16.375,0.121,12,15.749,0.167,12, , ,0, , ,0
183.205443,0.426,33.092736,0.431,16.818,0.109,1,18.076,0.225,1, , ,0,17.587,0.154,13,16.24,0.15,13,15.532,0.167,13, , ,0, , ,0
183.207986,0.752,32.893665,0.438, , ,0, , ,0, , ,0,18.088,0.142,8,16.824,0.135,8,16.251,0.261,5, , ,0, , ,0
183.208485,0.553,32.678001,0.4,17.225,0.098,4,17.913,0.128,4, , ,0,17.6,0.177,9,17.021,0.181,9,16.507,0.282,1, , ,0, , ,0
183.214449,0.621,32.80616,0.544,16.484,0.123,8,17.256,0.227,8, , ,0,16.937,0.151,15,16.274,0.141,15,16.016,0.192,11, , ,0, , ,0
183.216116,0.487,33.081654,0.459,16.645,0.075,5,18.019,0.241,5, , ,0,17.286,0.176,15,16.202,0.148,15,15.676,0.263,13, , ,0, , ,0
183.219515,0.587,32.37514,0.494,16.64,0.081,10,17.255,0.098,10, , ,0,16.951,0.123,14,16.412,0.14,14,16.275,0.215,10, , ,0, , ,0
183.219774,0.503,32.921599,0.425,16.905,0.062,4,18.055,0.221,4, , ,0,17.427,0.119,13,16.423,0.165,13,15.997,0.168,12, , ,0, , ,0
183.222129,0.172,32.598533,0.182,12.964,0.061,15,13.836,0.087,15, , ,0,13.4,0.091,15,12.735,0.102,15,12.56,0.09,15, , ,0, , ,0
183.224232,0.602,32.679141,0.225, , ,0, , ,0, , ,0,18.613,0.15,3,17.197,0.121,3, , ,0, , ,0, , ,0
183.225525,0.76,32.407426,0.501,17.674,0.226,1,18.113,0.222,1, , ,0,18.032,0.109,6,17.149,0.088,6,16.198,0.225,1, , ,0, , ,0
183.230755,0.647,32.837869,0.466,16.279,0.103,7,17.591,0.23,7, , ,0,16.868,0.138,14,15.756,0.121,13,15.231,0.114,14, , ,0, , ,0
183.236001,0.391,32.709482,0.37,15.615,0.081,14,17.093,0.129,14, , ,0,16.428,0.11,15,15.045,0.118,15,13.763,0.114,15, , ,0, , ,0
183.239932,0.366,32.621627,0.279,14.96,0.063,15,15.719,0.105,15, , ,0,15.303,0.09,15,14.753,0.106,15,14.518,0.097,15, , ,0, , ,0
183.240286,0.344,33.082425,0.271,14.624,0.064,16,15.62,0.107,16, , ,0,15.141,0.123,16,14.244,0.103,16,13.942,0.109,16, , ,0, , ,0
183.240656,0.561,32.560742,0.294,15.226,0.084,15,16.222,0.083,15, , ,0,15.755,0.1,15,14.906,0.101,15,14.547,0.109,15, , ,0, , ,0
183.243297,0.626,32.957354,0.535,16.767,0.148,11,17.271,0.134,11, , ,0,17.132,0.118,14,16.626,0.177,13,16.384,0.201,4, , ,0, , ,0
183.249078,0.488,32.929982,0.409,16.53,0.116,5,17.916,0.305,5, , ,0,17.274,0.164,15,15.918,0.114,15,15.219,0.156,14, , ,0, , ,0
183.250064,0.416,32.444837,0.227,14.89,0.069,15,15.715,0.095,15, , ,0,15.286,0.088,15,14.618,0.107,15,14.419,0.099,15, , ,0, , ,0
183.251705,0.556,33.055213,0.383,16.676,0.132,6,17.605,0.211,6, , ,0,17.124,0.199,15,16.025,0.141,15,15.596,0.153,13, , ,0, , ,0
183.253954,0.282,33.081579,0.2,14.475,0.068,15,15.377,0.099,15, , ,0,14.93,0.116,16,14.157,0.094,16,13.931,0.1,16, , ,0, , ,0
183.255607,0.82,33.040186,0.396,16.012,0.093,11,17.168,0.209,11, , ,0,16.715,0.127,15,15.372,0.123,15,14.775,0.121,15, , ,0, , ,0
183.257799,0.411,32.904095,0.446, , ,0, , ,0, , ,0,17.836,0.205,10,16.511,0.118,10,15.871,0.206,10, , ,0, , ,0
183.260207,0.631,32.631414,0.486,17.329,0.142,5,17.737,0.223,5, , ,0,17.622,0.218,10,16.815,0.123,10,16.131,0.261,1, , ,0, , ,0
183.266205,0.702,33.070157,0.534,16.385,0.081,11,17.087,0.11,11, , ,0,16.781,0.126,15,16.204,0.126,15,16.166,0.325,13, , ,0, , ,0
183.266646,0.907,32.61375,0.283, , ,0, , ,0, , ,0,17.666,0.154,1,17.345,0.222,1, , ,0, , ,0, , ,0
183.268686,0.567,32.712017,0.544, , ,0, , ,0, , ,0,18.525,0.16,2,17.27,0.001,2,16.089,0.197,1, , ,0, , ,0
183.269893,0.455,32.665706,0.327,16.502,0.065,4,17.812,0.223,4, , ,0,17.235,0.145,15,15.855,0.153,14,14.923,0.158,15, , ,0, , ,0
183.270133,0.29,32.557439,0.23,13.541,0.063,15,14.216,0.085,15, , ,0,13.872,0.091,15,13.387,0.094,15,13.258,0.092,15, , ,0, , ,0
183.270795,0.145,32.590658,0.176,12.901,0.063,15,13.639,0.087,15, , ,0,13.268,0.089,15,12.721,0.097,15,12.566,0.094,15, , ,0, , ,0
183.274553,0.457,32.638475,0.291,15.282,0.063,15,15.893,0.126,15, , ,0,15.575,0.093,15,15.111,0.096,15,14.976,0.132,15, , ,0, , ,0
183.276536,0.537,32.800124,0.449,15.772,0.111,14,16.823,0.137,14, , ,0,16.244,0.148,15,15.441,0.121,15,15.035,0.095,14, , ,0, , ,0
183.279101,0.733,32.961501,0.4,15.467,0.08,15,16.376,0.085,15, , ,0,15.932,0.107,15,15.183,0.109,15,14.976,0.16,15, , ,0, , ,0
183.280535,0.672,32.785257,0.547,16.744,0.195,10,17.329,0.299,10, , ,0,17.045,0.134,12,16.534,0.138,12,16.367,0.09,5, , ,0, , ,0
183.288871,0.43,32.596415,0.383,15.193,0.085,12,16.117,0.119,12, , ,0,15.658,0.078,13,14.845,0.095,13,14.409,0.12,13, , ,0, , ,0
183.294825,0.549,32.708078,0.451,16.495,0.075,7,17.611,0.233,7, , ,0,17.009,0.135,13,16.039,0.128,13,15.673,0.167,13, , ,0, , ,0
183.296009,0.424,33.027547,0.317,15.153,0.067,14,16.269,0.129,14, , ,0,15.75,0.098,14,14.711,0.115,14,14.334,0.141,14, , ,0, , ,0
183.297411,0.648,32.899344,0.39,15.602,0.074,12,16.512,0.11,12, , ,0,16.075,0.099,13,15.327,0.107,13,15.125,0.165,13, , ,0, , ,0
183.298946,0.476,32.7967,0.326,15.569,0.092,14,16.241,0.123,14, , ,0,15.875,0.108,14,15.335,0.122,14,15.152,0.14,14, , ,0, , ,0
183.299431,0.437,32.63628,0.443,15.269,0.065,13,16.306,0.082,13, , ,0,15.767,0.093,13,14.972,0.099,13,14.595,0.104,13, , ,0, , ,0
183.299657,0.568,32.90302,0.471,16.643,0.037,7,17.213,0.17,7, , ,0,16.943,0.151,12,16.589,0.141,12,15.987,0.196,3, , ,0, , ,0
183.300191,0.269,32.818806,0.217,14.563,0.063,14,15.688,0.11,14, , ,0,15.152,0.109,14,14.11,0.114,14,13.729,0.105,14, , ,0, , ,0
183.300304,0.666,32.978114,0.427,16.728,0.135,8,17.239,0.246,8, , ,0,16.984,0.102,12,16.628,0.148,12,16.404,0.19,5, , ,0, , ,0
183.310024,0.656,33.047572,0.414,15.891,0.091,11,16.537,0.107,11, , ,0,16.146,0.103,13,15.662,0.121,13,15.414,0.141,13, , ,0, , ,0
183.312023,0.583,32.871468,0.469,16.767,0.066,6,17.454,0.276,6, , ,0,17.164,0.139,11,16.483,0.164,11,16.065,0.207,11, , ,0, , ,0
183.313027,0.657,32.437065,0.571, , ,0, , ,0, , ,0,17.527,0.191,9,16.589,0.136,8,15.905,0.202,5, , ,0, , ,0
183.316037,0.479,32.93608,0.224,15.035,0.071,13,16.012,0.116,13, , ,0,15.512,0.102,13,14.671,0.088,13,14.374,0.093,13, , ,0, , ,0
183.317059,0.803,32.759883,1.261,17.264,0.15,2,17.81,0.163,2, , ,0,17.48,0.073,1,17.011,0.121,1, , ,0, , ,0, , ,0
183.317957,0.568,33.018432,0.443,16.164,0.089,10,16.791,0.112,10, , ,0,16.489,0.143,10,16.011,0.12,10,15.748,0.18,9, , ,0, , ,0
183.319373,0.312,32.446126,0.209,14.612,0.069,12,15.635,0.115,12, , ,0,15.105,0.066,12,14.21,0.093,12,13.823,0.114,12, , ,0, , ,0
183.335638,0.743,32.747288,0.876,16.793,0.027,2,17.614,0.033,2, , ,0,17.339,0.12,3,16.737,0.038,3, , ,0, , ,0, , ,0
183.336527,0.591,32.674138,0.377, , ,0, , ,0, , ,0,18.11,0.084,3,17.131,0.077,3, , ,0, , ,0, , ,0
183.338939,0.798,32.624558,0.295,15.604,0.085,12,16.301,0.124,12, , ,0,15.911,0.086,12,15.38,0.089,12,15.226,0.13,12, , ,0, , ,0
183.348147,0.54,32.518946,0.439,16.799,0.121,7,17.282,0.237,7, , ,0,16.951,0.087,11,16.624,0.183,11,16.243,0.155,4, , ,0, , ,0
183.358761,0.027,32.905156,0.041, , ,0, , ,0, , ,0,18.602,0.194,1,17.183,0.14,1, , ,0, , ,0, , ,0
183.365321,0.498,32.811027,0.311,15.425,0.106,13,16.622,0.122,13, , ,0,16.029,0.103,13,14.893,0.109,13,14.455,0.11,13, , ,0, , ,0
183.367191,0.841,32.948176,0.489, , ,0, , ,0, , ,0,17.583,0.184,4,16.957,0.245,4, , ,0, , ,0, , ,0
183.369153,0.604,32.698663,0.479,16.863,0.104,6,17.483,0.251,6, , ,0,17.118,0.134,10,16.771,0.156,10,16.318,0.171,3, , ,0, , ,0
183.370581,0.596,32.952346,0.319,15.527,0.1,13,16.115,0.099,13, , ,0,15.79,0.078,12,15.361,0.1,12,15.215,0.136,12, , ,0, , ,0
183.377364,0.748,32.471658,0.485,17.266,0.097,3,17.991,0.354,3, , ,0,17.541,0.207,8,17.008,0.088,8, , ,0, , ,0, , ,0
183.378684,0.752,32.74378,0.45,17.149,0.032,3,17.737,0.217,3, , ,0,17.467,0.118,10,17.072,0.182,10, , ,0, , ,0, , ,0
183.379403,0.398,32.990117,0.211,14.529,0.063,13,15.066,0.087,13, , ,0,14.747,0.096,13,14.377,0.091,13,14.262,0.091,13, , ,0, , ,0
183.386938,0.39,32.716792,0.273,14.656,0.066,12,15.701,0.102,12, , ,0,15.142,0.071,12,14.266,0.088,12,13.9,0.089,12, , ,0, , ,0
183.388595,0.671,32.842657,0.285,15.201,0.055,11,15.834,0.07,11, , ,0,15.483,0.101,13,14.996,0.089,13,14.794,0.109,13, , ,0, , ,0
183.399961,0.525,32.935573,0.21, , ,0, , ,0, , ,0,18.038,0.082,2,17.094,0.08,2, , ,0, , ,0, , ,0
183.405174,0.31,32.66397,0.198,13.867,0.066,12,14.094,0.078,12, , ,0,13.917,0.066,12,13.871,0.076,12,13.942,0.09,12, , ,0, , ,0
183.405788,0.25,32.552092,0.164,13.371,0.069,12,14.077,0.061,12, , ,0,13.68,0.073,12,13.181,0.082,12,13.019,0.082,12, , ,0, , ,0
183.410252,0.336,32.943819,0.046,14.49,0.017,1,15.173,0.032,1, , ,0, , ,0, , ,0, , ,0, , ,0, , ,0
183.420326,1.249,32.521884,1.336,11.92,0.066,11,13.393,0.049,11, , ,0,12.684,0.069,12,11.336,0.09,12,10.592,0.095,12, , ,0, , ,0
183.423285,0.519,32.524361,0.357,12.607,0.068,11,14.11,0.075,11, , ,0,13.365,0.08,12,12.012,0.088,12,11.087,0.092,12, , ,0, , ,0
183.435454,0.212,32.65406,0.127,11.511,0.07,12,12.365,0.067,12, , ,0,11.903,0.069,12,11.264,0.085,12,10.985,0.085,12, , ,0, , ,0
183.438961,0.157,32.567898,0.133,12.249,0.067,12,12.825,0.071,12, , ,0,12.497,0.067,12,12.11,0.08,12,11.982,0.079,12, , ,0, , ,0
183.445276,0.659,32.875531,0.549,17.001,0.114,2,18.054,0.243,2, , ,0,17.739,0.145,8,16.458,0.163,8,15.877,0.169,8, , ,0, , ,0
183.445657,0.157,32.696815,0.152,12.507,0.066,12,13.504,0.063,12, , ,0,12.998,0.069,12,12.13,0.089,12,11.81,0.084,12, , ,0, , ,0
183.457102,0.399,32.65976,0.237,14.348,0.067,12,14.904,0.059,12, , ,0,14.576,0.07,12,14.204,0.085,12,14.076,0.099,12, , ,0, , ,0
183.46794,0.626,32.732038,0.473,16.907,0.128,7,17.477,0.222,7, , ,0,17.169,0.116,9,16.594,0.134,9,16.143,0.101,3, , ,0, , ,0
183.472385,0.387,32.698839,0.399, , ,0, , ,0, , ,0,18.04,0.117,1,17.214,0.153,1, , ,0, , ,0, , ,0
183.475629,0.408,32.659532,0.096, , ,0, , ,0, , ,0,18.763,0.219,1,17.622,0.215,1, , ,0, , ,0, , ,0
183.488202,0.48,32.768452,0.234,15.256,0.07,12,15.858,0.09,12, , ,0,15.509,0.059,12,15.112,0.087,12,15.007,0.109,12, , ,0, , ,0
